{
    "normals":[0,-0.382687,-0.923878,0,-0.92388,-0.382683,0,-0.92388,0.382683,0,-0.382676,0.923883,0,0.382676,0.923882,0,0.92388,0.382682,1,0,0,1,-0,0,0,0.92388,-0.382682,0,0.382686,-0.923878,-1,0,0,-1,0,-0,-1,-0,0,0,-0.382676,-0.923883,0,-0.92388,-0.382682,0,-0.92388,0.382683,0,-0.382687,0.923878,0,0.382687,0.923878,0,0.92388,0.382683,0,0.92388,-0.382682,0,0.382676,-0.923883,0.0477565,0.99364,0.101974,0.0740518,0.564569,0.822058,0.000558217,0.0435425,-0.999051,0.19203,0,0.981389,0.989557,0.144141,3.69756e-08,-5.35741e-08,-0.998647,-0.0520105,3.16368e-15,-1,3.27808e-08,1,-2.00342e-06,6.56738e-14,1,1.95087e-13,1.13361e-06,1,-4.10114e-07,9.91429e-07,0,-0.0343386,0.99941,1,-2.0033e-06,-1.04334e-07,1,-2.15167e-06,7.13367e-07,1,-1.76759e-06,-2.61426e-06,1,-1.46741e-06,-3.61661e-07,1,9.34793e-07,-6.3336e-07,1,-1.60116e-07,-9.97795e-07,0,1,0,0.000243996,0.999624,0.0274185,0.0489377,0.998707,0.0137301,0,0.999914,-0.0131011,-0,0,-1,0,0.999365,0.0356244,-1,0,0,0,0.0303438,-0.99954,0,-0.377622,-0.92596,0.999117,3.38087e-07,0.0420185,0.999117,7.23096e-09,0.0420177,0.999117,-0,0.0420183,0.999117,1.44163e-06,0.0420191,0.999117,5.9834e-08,0.0420182,6.66257e-08,-0.382686,0.923878,8.9107e-08,-0.382246,0.924061,0,-0.998646,-0.0520106,0.0187696,-0.99387,0.108945,0,-0.92388,-0.382682,0,-0.92388,0.382682,3.81532e-08,-0.92388,-0.382682,-6.31552e-08,-0.382686,-0.923878,-4.02223e-08,-0.916726,0.399518,1,0,-0,-0.0477565,0.99364,0.101974,-0.0740518,0.564569,0.822058,-0.000558217,0.0435425,-0.999051,-0.19203,0,0.981389,-0.989557,0.144141,3.69756e-08,5.35741e-08,-0.998647,-0.0520105,-3.16368e-15,-1,3.27808e-08,-1,-2.00342e-06,6.56738e-14,-1,-1.81615e-07,1.13361e-06,-1,-1.76759e-06,-2.61426e-06,-1,-2.0033e-06,-1.04334e-07,-1,-2.15167e-06,7.13367e-07,-1,4.48836e-07,-9.89576e-07,-1,-1.46741e-06,-3.61661e-07,-1,-1.14591e-05,4.50034e-06,-0.000243996,0.999624,0.0274185,-0.0489377,0.998707,0.0137301,0,-0,-1,1,0,-0,-0.999117,3.38087e-07,0.0420185,-0.999117,7.23096e-09,0.0420177,-0.999117,0,0.0420183,-0.999117,1.44163e-06,0.0420191,-0.999117,5.9834e-08,0.0420182,-6.66257e-08,-0.382686,0.923878,-8.9107e-08,-0.382246,0.924061,-0.0187696,-0.99387,0.108945,-3.81532e-08,-0.92388,-0.382682,6.31552e-08,-0.382686,-0.923878,4.02223e-08,-0.916726,0.399518],
    "metadata":{
        "normals":92,
        "generator":"io_three",
        "uvs":2,
        "type":"Geometry",
        "version":3,
        "vertices":133,
        "faces":336
    },
    "vertices":[0.123732,0.0720402,-0.255951,0.173219,0.0720402,-0.255951,0.123732,0.0213312,-0.234946,0.173219,0.0213312,-0.234946,0.123732,0.000326916,-0.184237,0.173219,0.000326916,-0.184237,0.123732,0.0213313,-0.133528,0.173219,0.0213313,-0.133528,0.123732,0.0720402,-0.112524,0.173219,0.0720402,-0.112524,0.123732,0.122749,-0.133528,0.173219,0.122749,-0.133528,0.123732,0.143753,-0.184237,0.173219,0.143753,-0.184237,0.123732,0.122749,-0.234946,0.173219,0.122749,-0.234946,0.123732,0.0720402,0.165268,0.173219,0.0720402,0.165268,0.123732,0.0213313,0.186272,0.173219,0.0213313,0.186272,0.123732,0.000326934,0.236981,0.173219,0.000326934,0.236981,0.123732,0.0213313,0.28769,0.173219,0.0213313,0.28769,0.123732,0.0720402,0.308695,0.173219,0.0720402,0.308695,0.123732,0.122749,0.28769,0.173219,0.122749,0.28769,0.123732,0.143753,0.236981,0.173219,0.143753,0.236981,0.123732,0.122749,0.186272,0.173219,0.122749,0.186272,0.147482,0.0901985,0.340835,0.1544,0.0850566,-0.357781,0.1544,0.0702557,-0.0735913,0.136873,0.331901,-0.0682599,0.136873,0.331901,0.0962708,0.147482,0.193962,0.340835,0.1544,0.211577,0.176335,0.14826,0.215595,-0.343922,0.1544,0.215413,-0.357781,0.14826,0.211997,-0.0874504,0.1544,0.211575,-0.0734179,0.14826,0.164376,-0.0888961,0.14826,0.173519,-0.345368,0.151849,0.151419,0.236981,0.149489,0.12817,0.293111,0.148763,0.086505,0.310369,0.1544,0.124989,0.176335,0.1544,0.0702557,0.153694,0.1544,0.132575,-0.123702,0.1544,0.0715698,-0.098823,0.1544,0.15765,-0.184237,0.1544,0.132575,-0.244772,0.1544,0.0802988,-0.266426,-0.123732,0.0720402,-0.255951,-0.173219,0.0720402,-0.255951,-0.123732,0.0213312,-0.234946,-0.173219,0.0213312,-0.234946,-0.123732,0.000326916,-0.184237,-0.173219,0.000326916,-0.184237,-0.123732,0.0213313,-0.133528,-0.173219,0.0213313,-0.133528,-0.123732,0.0720402,-0.112524,-0.173219,0.0720402,-0.112524,-0.123732,0.122749,-0.133528,-0.173219,0.122749,-0.133528,-0.123732,0.143753,-0.184237,-0.173219,0.143753,-0.184237,-0.123732,0.122749,-0.234946,-0.173219,0.122749,-0.234946,-0.123732,0.0720402,0.165268,-0.173219,0.0720402,0.165268,-0.123732,0.0213313,0.186272,-0.173219,0.0213313,0.186272,-0.123732,0.000326934,0.236981,-0.173219,0.000326934,0.236981,-0.123732,0.0213313,0.28769,-0.173219,0.0213313,0.28769,-0.123732,0.0720402,0.308695,-0.173219,0.0720402,0.308695,-0.123732,0.122749,0.28769,-0.173219,0.122749,0.28769,-0.123732,0.143753,0.236981,-0.173219,0.143753,0.236981,-0.123732,0.122749,0.186272,-0.173219,0.122749,0.186272,-0.147482,0.0901985,0.340835,-0.1544,0.0850566,-0.357781,-0.1544,0.0702557,-0.0735913,-0.136873,0.331901,-0.0682599,-0.136873,0.331901,0.0962708,-0.147482,0.193962,0.340835,-0.1544,0.211577,0.176335,-0.14826,0.215595,-0.343922,-0.1544,0.215413,-0.357781,-0.14826,0.211997,-0.0874504,-0.1544,0.211575,-0.0734179,-0.14826,0.164376,-0.0888961,-0.14826,0.173519,-0.345368,1.81503e-08,0.331901,0.107607,1.81503e-08,0.0901985,0.369693,1.81503e-08,0.331901,-0.0682599,1.81503e-08,0.0850566,-0.357781,1.81503e-08,0.0702557,-0.0735913,1.81503e-08,0.216769,0.187671,1.81503e-08,0.199154,0.369693,1.81503e-08,0.211653,-0.0735772,1.81503e-08,0.211997,-0.0874504,1.81503e-08,0.215595,-0.343922,1.81503e-08,0.215413,-0.357781,1.81503e-08,0.164376,-0.0888961,1.81503e-08,0.173519,-0.345368,-0.151849,0.151419,0.236981,-0.149489,0.12817,0.293111,-0.148763,0.086505,0.310369,1.81503e-08,0.0841792,0.311332,-0.1544,0.124989,0.176335,1.81503e-08,0.12817,0.293111,-0.1544,0.0702557,0.153694,-0.1544,0.132575,-0.123702,-0.1544,0.0715698,-0.098823,1.81503e-08,0.0715698,-0.098823,1.81503e-08,0.124989,0.176335,1.81503e-08,0.151419,0.236981,1.81503e-08,0.0702557,0.153694,-0.1544,0.15765,-0.184237,1.81503e-08,0.0802988,-0.266426,-0.1544,0.132575,-0.244772,-0.1544,0.0802988,-0.266426,1.81503e-08,0.132575,-0.123702,1.81503e-08,0.132575,-0.244772,1.81503e-08,0.15765,-0.184237],