{
    "uvs":[[0.6875,0.9375,0.714844,0.9375,0.714844,0.914062,0.6875,0.914062,0.75,0.9375,0.738281,0.9375,0.738281,0.953125,0.75,0.953125,0.703125,0.9375,0.703125,1,0.613281,1,0.613281,0.9375,0.746094,0.953125,0.746094,0.9375,0.730469,0.9375,0.734375,0.9375,0.734375,0.953125,0.730469,0.953125,0.71875,0.953125,0.71875,0.9375,0.742188,0.953125,0.742188,0.9375,0.722656,0.9375,0.722656,0.953125,0.703125,0.953125,0.664062,0.9375,0.664062,0.914062,0.691406,0.9375,0.691406,0.914062]],
    "vertices":[-0.222978,-0.000104307,0.0229779,-0.222978,1.20024,0.0229779,-0.222978,-0.000104309,-0.0229779,-0.222978,1.20024,-0.022978,-0.177022,-0.000104307,0.0229779,-0.177022,1.20024,0.0229779,-0.177022,-0.000104309,-0.0229779,-0.177022,1.20024,-0.022978,0.177022,-0.000104307,0.0229779,0.177022,1.20024,0.0229779,0.177022,-0.000104309,-0.0229779,0.177022,1.20024,-0.022978,0.222978,-0.000104307,0.0229779,0.222978,1.20024,0.0229779,0.222978,-0.000104309,-0.0229779,0.222978,1.20024,-0.022978,-0.39889,0.583624,0.0365599,-0.419083,1.11363,0.0365599,-0.39889,0.583624,-0.03656,-0.419083,1.11363,-0.03656,0.39889,0.583624,0.0365599,0.419083,1.11363,0.0365599,0.39889,0.583624,-0.03656,0.419083,1.11363,-0.03656,-0.285058,1.20048,0.0365599,-0.260433,1.30943,0.0365599,-0.285058,1.20048,-0.03656,-0.260433,1.30943,-0.03656,0.285058,1.20048,0.0365599,0.260433,1.34585,0.0365599,0.285058,1.20048,-0.03656,0.260433,1.34585,-0.03656,0.177022,0.0380605,0.0229779,0.177022,1.15528,0.0229779,0.177022,1.15528,-0.022978,0.177022,0.0380605,-0.0229779,0.222978,1.15528,-0.022978,0.222978,0.0380605,-0.0229779,0.222978,1.15528,0.0229779,0.222978,0.0380605,0.0229779,-0.222978,0.0380605,0.0229779,-0.222978,1.15528,0.0229779,-0.222978,1.15528,-0.022978,-0.222978,0.0380605,-0.0229779,-0.177022,1.15528,-0.022978,-0.177022,0.0380605,-0.0229779,-0.177022,1.15528,0.0229779,-0.177022,0.0380605,0.0229779],
    "metadata":{
        "faces":34,
        "uvs":1,
        "normals":18,
        "vertices":48,
        "type":"Geometry",
        "version":3,
        "generator":"io_three"
    },
    "normals":[-1,0,0,0,-4.14338e-08,-1,1,0,0,0,4.14338e-08,1,-0.999275,-0.0380724,0,0,-2.10863e-08,-1,0.999275,-0.0380724,0,0,6.32588e-08,1,0,-1,-0,0,1,0,-0.975395,0.220464,0,0.985953,0.167021,0,0,-1,-0,-0.0697474,0.997565,0,0,4.88053e-08,1,0,4.33475e-08,1,0,-4.88053e-08,-1,0,-4.33475e-08,-1],
    "faces":[41,41,1,3,42,0,1,2,3,0,0,0,0,41,42,3,7,44,3,2,1,0,1,1,1,1,41,44,7,5,46,3,2,1,0,2,2,2,2,41,46,5,1,41,0,1,2,3,3,3,3,3,41,33,9,11,34,3,2,1,0,0,0,0,0,41,34,11,15,36,3,2,1,0,1,1,1,1,41,36,15,13,38,3,2,1,0,2,2,2,2,41,38,13,9,33,0,1,2,3,3,3,3,3,41,16,17,19,18,4,5,6,7,4,4,4,4,41,18,19,23,22,8,9,10,11,5,5,5,5,41,22,23,21,20,4,5,6,7,6,6,6,6,41,20,21,17,16,8,9,10,11,7,7,7,7,41,18,22,20,16,7,12,13,4,8,8,8,8,41,23,19,17,21,14,15,16,17,9,9,9,9,41,24,25,27,26,17,18,19,14,10,10,10,10,41,30,31,29,28,14,19,18,17,11,11,11,11,41,26,30,28,24,20,12,13,21,12,12,12,12,41,31,27,25,29,8,22,23,24,13,13,13,13,41,12,39,32,8,25,0,3,26,14,14,14,14,41,39,38,33,32,27,0,3,28,15,15,15,15,41,14,37,39,12,26,3,0,25,2,2,2,2,41,37,36,38,39,3,28,27,0,2,2,2,2,41,10,35,37,14,26,3,0,25,16,16,16,16,41,35,34,36,37,3,28,27,0,17,17,17,17,41,8,32,35,10,26,3,0,25,0,0,0,0,41,32,33,34,35,3,28,27,0,0,0,0,0,41,40,0,4,47,3,26,25,0,14,14,14,14,41,47,46,41,40,27,0,3,28,15,15,15,15,41,6,45,47,4,26,3,0,25,2,2,2,2,41,45,44,46,47,3,28,27,0,2,2,2,2,41,2,43,45,6,26,3,0,25,16,16,16,16,41,43,42,44,45,3,28,27,0,17,17,17,17,41,0,40,43,2,25,0,3,26,0,0,0,0,41,40,41,42,43,27,0,3,28,0,0,0,0]
}