{
    "uvs":[[0.691406,0.914062,0.714844,0.914062,0.714844,0.9375,0.691406,0.9375,0.664062,0.9375,0.640625,0.9375,0.640625,0.914062,0.664062,0.914062,0.6875,0.9375,0.6875,0.914062,0.734375,0.9375,0.722656,0.9375,0.722656,0.953125,0.734375,0.953125,0.695312,0.851562,0.695312,0.914062,0.566406,0.914062,0.566406,0.851562,0.730469,0.878906,0.726562,0.9375,0.703125,0.9375,0.703125,0.953125,0.726562,0.953125,0.730469,0.953125,0.730469,0.9375,0.746094,0.953125,0.746094,0.9375,0.71875,0.953125,0.71875,0.9375,0.75,0.9375,0.75,0.953125]],
    "vertices":[-0.0394114,0.797785,0.0394114,-0.0394114,0.797785,-0.0394114,0.0394114,0.797785,0.0394114,0.0394114,0.797785,-0.0394114,-0.0305721,1.33635e-09,0.0305721,-0.0305721,-1.33635e-09,-0.0305721,0.0305721,-1.33635e-09,-0.0305721,0.0305721,1.33635e-09,0.0305721,-0.0335185,0.0741528,0.0335185,-0.036465,0.739995,0.0364649,-0.036465,0.739995,-0.036465,-0.0335185,0.0741528,-0.0335186,0.036465,0.739995,-0.036465,0.0335185,0.0741528,-0.0335186,0.036465,0.739995,0.0364649,0.0335185,0.0741528,0.0335185,-0.412734,0.868256,0.0455865,-0.384296,1.18335,0.0455865,-0.412734,0.868256,-0.0455866,-0.384296,1.18335,-0.0455866,0.272659,0.740596,-0.0455866,0.301097,1.05569,-0.0455866,0.272659,0.740596,0.0455865,0.301097,1.05569,0.0455865,0.484371,0.856959,0.0455865,0.484371,0.856959,-0.0455866,0.268027,0.705042,0.0455865,0.268027,0.705042,-0.0455866,0.303127,1.08301,-0.0455866,0.303127,1.08301,0.0455865],
    "metadata":{
        "faces":28,
        "uvs":1,
        "normals":28,
        "vertices":30,
        "type":"Geometry",
        "version":3,
        "generator":"io_three"
    },
    "normals":[-0.998703,-0.0509194,2.48578e-08,0,-0.0509194,-0.998703,0.998703,-0.0509194,0,-2.48578e-08,-0.0509194,0.998703,0,1,-0,-2.90656e-08,-0.0397032,0.999212,-5.24636e-08,-0.00442502,0.99999,0.999212,-0.0397033,0,0.99999,-0.00442507,0,0,-0.0397033,-0.999211,0,-0.00442511,-0.99999,-0.999212,-0.0397032,2.90656e-08,-0.99999,-0.00442507,5.24636e-08,-0.995952,0.0898875,0,-4.38278e-10,4.14188e-08,1,-9.92553e-08,-1.29024e-07,-1,4.30782e-08,-1.1039e-07,-1,1.99739e-09,-3.56482e-08,-1,0.18311,0.983093,0,-0.99725,0.0741095,0,-0.18311,-0.983093,0,4.38278e-10,-4.14188e-08,-1,0.574674,-0.818383,0,0.780183,0.625551,0,-0.991621,0.129183,0,9.92553e-08,1.29024e-07,1,-4.30782e-08,1.1039e-07,1,-1.99739e-09,3.56482e-08,1],
    "faces":[41,9,0,1,10,0,1,2,3,0,0,0,0,41,10,1,3,12,0,1,2,3,1,1,1,1,41,12,3,2,14,0,1,2,3,2,2,2,2,41,0,9,14,2,2,3,0,1,3,3,3,3,41,0,2,3,1,6,7,4,5,4,4,4,4,41,7,15,8,4,4,8,9,7,5,5,5,5,41,15,14,9,8,8,3,0,9,6,6,6,6,41,6,13,15,7,7,9,8,4,7,7,7,7,41,13,12,14,15,9,0,3,8,8,8,8,8,41,5,11,13,6,7,9,8,4,9,9,9,9,41,11,10,12,13,8,3,0,9,10,10,10,10,41,4,8,11,5,7,9,8,4,11,11,11,11,41,8,9,10,11,9,0,3,8,12,12,12,12,41,16,17,19,18,10,11,12,13,13,13,13,13,41,22,23,17,16,14,15,16,17,14,14,14,14,40,21,28,25,15,15,18,15,15,15,40,25,27,20,18,14,14,16,16,16,40,20,21,25,14,15,18,17,17,17,41,21,19,17,23,19,20,21,22,18,18,18,18,41,21,23,29,28,10,13,23,24,19,19,19,19,41,18,20,22,16,13,25,26,10,20,20,20,20,41,18,19,21,20,17,16,15,14,21,21,21,21,41,27,25,24,26,25,13,10,26,22,22,22,22,41,25,28,29,24,13,27,28,10,23,23,23,23,41,22,20,27,26,29,30,25,26,24,24,24,24,40,24,29,23,18,15,15,25,25,25,40,22,26,24,14,14,18,26,26,26,40,23,22,24,15,14,18,27,27,27]
}