{
    "uvs":[[0.691406,0.914062,0.714844,0.914062,0.714844,0.9375,0.691406,0.9375,0.664062,0.9375,0.640625,0.9375,0.640625,0.914062,0.664062,0.914062,0.6875,0.9375,0.6875,0.914062,0.738281,0.90625,0.738281,0.917969,0.726562,0.917969,0.726562,0.90625,0.738281,0.914062,0.75,0.914062,0.75,0.917969,0.714844,0.917969,0.714844,0.90625,0.738281,0.894531,0.75,0.894531,0.726562,0.894531,0.726562,0.882812,0.738281,0.882812,0.738281,0.871094,0.75,0.871094,0.742188,0.882812,0.742188,0.875,0.75,0.875,0.75,0.882812]],
    "vertices":[-0.0394114,0.797785,0.0394114,-0.0394114,0.797785,-0.0394114,0.0394114,0.797785,0.0394114,0.0394114,0.797785,-0.0394114,-0.0305721,1.33635e-09,0.0305721,-0.0305721,-1.33635e-09,-0.0305721,0.0305721,-1.33635e-09,-0.0305721,0.0305721,1.33635e-09,0.0305721,-0.0335185,0.0741528,0.0335185,-0.036465,0.739995,0.0364649,-0.036465,0.739995,-0.036465,-0.0335185,0.0741528,-0.0335186,0.036465,0.739995,-0.036465,0.0335185,0.0741528,-0.0335186,0.036465,0.739995,0.0364649,0.0335185,0.0741528,0.0335185,-0.470138,0.749679,0.0296674,-0.470138,0.845891,0.0296674,-0.470138,0.749679,-0.0665447,-0.470138,0.845891,-0.0665447,0.573997,0.749679,0.0296674,0.573997,0.845891,0.0296674,0.573997,0.749679,-0.0665447,0.573997,0.845891,-0.0665447,-0.17922,0.749679,-0.0665447,-0.17922,0.845891,-0.0665447,-0.17922,0.749679,0.0296674,-0.17922,0.845891,0.0296674,-0.317624,0.474792,0.18496,-0.369805,0.548213,0.218773,-0.352962,0.490267,0.0968213,-0.405142,0.563689,0.130633,0.471342,1.12833,-0.0166136,0.419161,1.20176,0.0171985,0.436004,1.14381,-0.104753,0.383823,1.21723,-0.0709407,-0.133139,0.672358,0.0406584,-0.185319,0.74578,0.0744705,-0.0978013,0.656883,0.128798,-0.149982,0.730304,0.16261,-0.414299,0.578245,-0.128394,-0.450903,0.666676,-0.13824,-0.389306,0.578245,-0.221303,-0.42591,0.666676,-0.23115,0.512443,0.989604,0.120904,0.475839,1.07803,0.111058,0.537436,0.989604,0.0279953,0.500832,1.07803,0.0181487,-0.131096,0.692859,-0.151843,-0.167699,0.781289,-0.16169,-0.156089,0.692859,-0.058934,-0.192693,0.781289,-0.0687805,0.307532,1.15403,-0.0514489,0.39505,1.06514,0.00287823,0.359712,1.08061,-0.085261,0.34287,1.13856,0.0366903,0.204991,1.29832,0.0149964,0.281282,1.36151,-0.00449547,0.31662,1.34604,0.0836437,0.240329,1.28284,0.103136],
    "metadata":{
        "faces":51,
        "uvs":1,
        "normals":47,
        "vertices":60,
        "type":"Geometry",
        "version":3,
        "generator":"io_three"
    },
    "normals":[-0.998703,-0.0509194,2.48578e-08,0,-0.0509194,-0.998703,0.998703,-0.0509194,0,-2.48578e-08,-0.0509194,0.998703,0,1,-0,-2.90656e-08,-0.0397032,0.999212,-5.24636e-08,-0.00442502,0.99999,0.999212,-0.0397033,0,0.99999,-0.00442507,0,0,-0.0397033,-0.999211,0,-0.00442511,-0.99999,-0.999212,-0.0397032,2.90656e-08,-0.99999,-0.00442507,5.24636e-08,-1,0,0,0,-7.74391e-08,-1,1,0,0,0,3.87196e-08,1,0,-1,-0,0,1,0,-0.755617,-0.625918,0.193053,-0.367292,0.160847,-0.916092,0.755616,0.625919,-0.193053,0.367291,-0.160846,0.916092,0.542347,-0.763122,-0.351433,-0.542346,0.763122,0.351433,-0.542347,0.763122,0.351432,0.542347,-0.763122,-0.351433,0.367292,-0.160847,0.916092,-0.367292,0.160846,-0.916092,-0.88757,-0.39397,-0.238761,0.25977,0,-0.96567,0.887569,0.393972,0.238761,-0.25977,3.32736e-08,0.96567,0.380446,-0.919123,0.102342,-0.380446,0.919123,-0.102342,-0.380446,0.919123,-0.102342,0.380446,-0.919123,0.102342,-0.25977,1.54217e-07,0.96567,0.25977,6.65471e-08,-0.96567,0.367292,-0.160847,0.916092,-0.367291,0.160847,-0.916092,0.542347,-0.763122,-0.351433,-0.367292,0.160847,-0.916092,-0.542347,0.763122,0.351432,-0.755617,-0.625918,0.193055,0.367292,-0.160846,0.916092,0.755617,0.625918,-0.193054],
    "faces":[41,9,0,1,10,0,1,2,3,0,0,0,0,41,10,1,3,12,0,1,2,3,1,1,1,1,41,12,3,2,14,0,1,2,3,2,2,2,2,41,0,9,14,2,2,3,0,1,3,3,3,3,41,0,2,3,1,6,7,4,5,4,4,4,4,41,7,15,8,4,4,8,9,7,5,5,5,5,41,15,14,9,8,8,3,0,9,6,6,6,6,41,6,13,15,7,7,9,8,4,7,7,7,7,41,13,12,14,15,9,0,3,8,8,8,8,8,41,5,11,13,6,7,9,8,4,9,9,9,9,41,11,10,12,13,8,3,0,9,10,10,10,10,41,4,8,11,5,7,9,8,4,11,11,11,11,41,8,9,10,11,9,0,3,8,12,12,12,12,41,16,17,19,18,10,11,12,13,13,13,13,13,41,24,25,23,22,14,15,16,11,14,14,14,14,41,22,23,21,20,13,12,17,18,15,15,15,15,41,26,27,17,16,15,14,19,20,16,16,16,16,41,24,22,20,26,15,16,11,14,17,17,17,17,41,25,19,17,27,14,19,20,15,18,18,18,18,41,23,25,27,21,11,14,15,16,18,18,18,18,41,18,24,26,16,19,14,15,20,17,17,17,17,41,20,21,27,26,16,11,14,15,16,16,16,16,41,18,19,25,24,20,19,14,15,14,14,14,14,41,28,29,31,30,10,11,12,13,19,19,19,19,41,54,52,35,34,21,19,10,13,20,20,20,20,41,34,35,33,32,21,22,23,19,21,21,21,21,41,38,39,29,28,15,14,19,20,22,22,22,22,41,54,34,32,53,19,10,13,21,23,23,23,23,41,37,31,29,39,14,19,20,15,24,24,24,24,41,52,37,39,55,14,11,16,15,25,25,25,25,41,30,36,38,28,19,14,15,20,26,26,26,26,41,53,55,39,38,16,11,14,15,27,27,27,27,41,30,31,37,36,20,19,14,15,28,28,28,28,41,40,41,43,42,10,11,12,13,29,29,29,29,41,48,49,47,46,14,15,16,11,30,30,30,30,41,46,47,45,44,13,12,17,18,31,31,31,31,41,50,51,41,40,15,14,19,20,32,32,32,32,41,48,46,44,50,15,16,11,14,33,33,33,33,41,49,43,41,51,14,19,20,15,34,34,34,34,41,47,49,51,45,11,14,15,16,35,35,35,35,41,42,48,50,40,19,14,15,20,36,36,36,36,41,44,45,51,50,16,11,14,15,37,37,37,37,41,42,43,49,48,20,19,14,15,38,38,38,38,41,32,33,55,53,21,19,10,13,39,39,39,39,41,35,52,56,57,24,25,20,19,40,40,40,40,41,36,54,53,38,15,16,11,14,41,41,41,41,41,36,37,52,54,15,14,11,16,42,42,42,42,41,57,56,59,58,26,27,28,29,43,43,43,43,41,52,55,59,56,24,25,20,19,44,44,44,44,41,55,33,58,59,20,19,24,25,45,45,45,45,41,33,35,57,58,24,25,20,19,46,46,46,46]
}