{"vertices":[-0.883384,3.65417e-08,0.835978,0.760777,3.46113e-08,0.791814,-0.893449,-3.47484e-08,-0.794951,0.811939,-2.98114e-08,-0.682006,-1,-2.62268e-08,-0.6,-0.819773,-8.74228e-09,-0.2,-1,8.74228e-09,0.2,-1,2.62268e-08,0.6,-0.628288,3.24649e-08,0.74271,-0.2,4.39234e-08,1.00485,0.2,3.76891e-08,0.862226,0.6,4.37114e-08,1,0.817821,2.62268e-08,0.6,0.928519,8.74228e-09,0.2,0.827672,-8.74228e-09,-0.2,1,-2.62268e-08,-0.6,0.6,-4.37114e-08,-1,0.2,-3.45704e-08,-0.790879,-0.2,-4.37114e-08,-1,-0.6,-3.31968e-08,-0.759455,-0.6,0.378417,0.6,-0.6,0.63659,0.2,-0.517268,0.37335,-0.2,-0.537531,0.450721,-0.6,-0.2,0.660504,0.463704,-0.2,0.911916,0.0434016,-0.2,0.817802,-0.2,-0.2,0.415738,-0.6,0.2,0.319251,0.6,0.0414426,0.765856,0.2,0.151917,0.78752,-0.179638,0.2,0.415749,-0.494931,0.6,0.143754,0.6,0.588434,0.385255,0.2,0.6,0.233739,-0.0751684,0.529266,0.196041,-0.422198],"normals":[0.38206,0.888363,-0.254638,3.64065e-15,1,-4.37114e-08,0.0341109,0.329122,-0.943671,0.35255,0.648818,-0.674346,0.493178,0.504489,-0.708708,-6.24831e-15,1,-4.37114e-08,-0.687237,0.726433,-3.17534e-08,-0.733332,0.59418,-0.330416,-0.665806,0.68316,0.299991,-0.491077,0.339285,0.802327,-0.37756,0.778007,0.50215,-0.712947,0.50893,-0.482386,0.10133,0.977693,0.183979,0.267037,0.610739,0.745446,0.183059,0.843684,0.504666,0.100612,0.927973,-0.358809,0.18305,0.693368,-0.696946,0.268269,0.611451,0.744419,0.470085,0.675595,0.567971,0.558615,0.802827,0.20837,0.725518,0.497295,-0.475732,0.401153,0.862032,0.309802,0.701289,0.619066,0.353483,0.711312,0.627914,-0.315848,0.641551,0.737523,-0.210884,0.194848,0.873138,-0.446838,-0.346155,0.355177,-0.868347,-0.397621,0.63617,-0.6612,0.209241,0.567083,-0.79664,-0.175403,0.925565,-0.335504,-0.33517,0.354286,0.873008,-0.800821,0.503195,0.324777,-0.749605,0.471013,-0.465015,-0.767076,0.621521,0.159078,-0.180351,0.623361,0.760852,-0.363128,0.799605,0.478299,-0.616589,0.734305,-0.283926,-0.702832,0.501709,-0.504298,0.265631,0.611915,0.744984,0.376367,0.688681,0.619731,0.424494,0.888509,0.17423,0.0995612,0.651044,-0.752482,-0.115708,0.934751,0.335936,0.353336,0.805339,0.476007,0.771179,0.570809,-0.281888,0.574128,0.793154,-0.203184,0.543577,0.823645,0.161655,0.544532,0.825092,0.150696,0.660421,0.732202,-0.166504,0.437371,0.879319,0.188429],"metadata":{"generator":"io_three","version":3,"vertices":36,"normals":50,"faces":50,"type":"Geometry"},"faces":[32,35,3,16,0,0,0,32,4,19,2,1,1,1,32,27,19,23,2,2,2,32,27,17,18,3,3,3,32,35,17,31,4,4,4,32,8,7,0,5,5,5,32,20,6,7,6,6,6,32,6,22,5,7,7,7,32,5,23,4,8,8,8,32,9,20,8,9,9,9,32,24,21,20,10,10,10,32,21,26,22,11,11,11,32,22,27,23,12,12,12,32,9,28,24,13,13,13,32,24,29,25,14,14,14,32,25,30,26,15,15,15,32,26,31,27,16,16,16,32,10,32,28,17,17,17,32,28,33,29,18,18,18,32,33,30,29,19,19,19,32,34,31,30,20,20,20,32,1,32,11,21,21,21,32,32,13,33,22,22,22,32,13,34,33,23,23,23,32,14,35,34,24,24,24,32,35,15,3,25,25,25,32,4,23,19,26,26,26,32,27,18,19,27,27,27,32,27,31,17,28,28,28,32,35,16,17,29,29,29,32,8,20,7,30,30,30,32,20,21,6,31,31,31,32,6,21,22,32,32,32,32,5,22,23,33,33,33,32,9,24,20,34,34,34,32,24,25,21,35,35,35,32,21,25,26,36,36,36,32,22,26,27,37,37,37,32,9,10,28,38,38,38,32,24,28,29,39,39,39,32,25,29,30,40,40,40,32,26,30,31,41,41,41,32,10,11,32,42,42,42,32,28,32,33,43,43,43,32,33,34,30,44,44,44,32,34,35,31,45,45,45,32,1,12,32,46,46,46,32,32,12,13,47,47,47,32,13,14,34,48,48,48,32,14,15,35,49,49,49]}