{
    "uvs":[[0.691406,0.914062,0.714844,0.914062,0.714844,0.9375,0.691406,0.9375,0.664062,0.9375,0.640625,0.9375,0.640625,0.914062,0.664062,0.914062,0.6875,0.9375,0.6875,0.914062,0.738281,0.953125,0.71875,0.953125,0.71875,0.9375,0.738281,0.9375,0.5,0.785156,0.5,0.851562,0.617188,0.851562,0.617188,0.785156,0.742188,0.953125,0.75,0.953125,0.75,0.9375,0.742188,0.9375,0.707031,0.953125,0.707031,0.9375]],
    "vertices":[-0.0394114,0.797785,0.0394114,-0.0394114,0.797785,-0.0394114,0.0394114,0.797785,0.0394114,0.0394114,0.797785,-0.0394114,-0.0305721,1.33635e-09,0.0305721,-0.0305721,-1.33635e-09,-0.0305721,0.0305721,-1.33635e-09,-0.0305721,0.0305721,1.33635e-09,0.0305721,-0.0335185,0.0741528,0.0335185,-0.036465,0.739995,0.0364649,-0.036465,0.739995,-0.036465,-0.0335185,0.0741528,-0.0335186,0.036465,0.739995,-0.036465,0.0335185,0.0741528,-0.0335186,0.036465,0.739995,0.0364649,0.0335185,0.0741528,0.0335185,-0.413229,0.778247,0.0467162,-0.413229,1.1856,0.0467162,-0.413229,0.778247,-0.0467163,-0.413229,1.1856,-0.0467163,0.413229,0.778247,0.0467162,0.413229,1.1856,0.0467162,0.413229,0.778247,-0.0467163,0.413229,1.1856,-0.0467163],
    "metadata":{
        "faces":19,
        "uvs":1,
        "normals":19,
        "vertices":24,
        "type":"Geometry",
        "version":3,
        "generator":"io_three"
    },
    "normals":[-0.998703,-0.0509194,2.48578e-08,0,-0.0509194,-0.998703,0.998703,-0.0509194,0,-2.48578e-08,-0.0509194,0.998703,0,1,-0,-2.90656e-08,-0.0397032,0.999212,-5.24636e-08,-0.00442502,0.99999,0.999212,-0.0397033,0,0.99999,-0.00442507,0,0,-0.0397033,-0.999211,0,-0.00442511,-0.99999,-0.999212,-0.0397032,2.90656e-08,-0.99999,-0.00442507,5.24636e-08,-1,0,0,0,-4.57258e-08,-1,1,0,0,0,4.57258e-08,1,0,-1,-0,0,1,0],
    "faces":[41,9,0,1,10,0,1,2,3,0,0,0,0,41,10,1,3,12,0,1,2,3,1,1,1,1,41,12,3,2,14,0,1,2,3,2,2,2,2,41,0,9,14,2,2,3,0,1,3,3,3,3,41,0,2,3,1,6,7,4,5,4,4,4,4,41,7,15,8,4,4,8,9,7,5,5,5,5,41,15,14,9,8,8,3,0,9,6,6,6,6,41,6,13,15,7,7,9,8,4,7,7,7,7,41,13,12,14,15,9,0,3,8,8,8,8,8,41,5,11,13,6,7,9,8,4,9,9,9,9,41,11,10,12,13,8,3,0,9,10,10,10,10,41,4,8,11,5,7,9,8,4,11,11,11,11,41,8,9,10,11,9,0,3,8,12,12,12,12,41,16,17,19,18,10,11,12,13,13,13,13,13,41,18,19,23,22,14,15,16,17,14,14,14,14,41,22,23,21,20,13,12,11,10,15,15,15,15,41,20,21,17,16,17,16,15,14,16,16,16,16,41,18,22,20,16,18,19,20,21,17,17,17,17,41,23,19,17,21,11,22,23,12,18,18,18,18]
}