{
    "normals":[-1,-0,0,-0,0,1,0,1,0,0,2.5255e-07,1,-1,-0,0,-0,-1,0,1,0,0,0,-0,-1,1,0,0,5.32907e-15,1,-4.37114e-08],
    "faces":[41,15,5,2,12,0,1,2,3,0,0,0,0,41,4,3,2,5,4,5,2,1,1,1,1,1,41,19,17,7,9,4,6,7,5,2,2,2,2,41,8,9,7,6,8,9,10,11,3,3,3,3,41,16,6,7,17,12,13,14,15,4,4,4,4,41,6,16,18,8,2,1,4,5,5,5,5,5,41,8,18,19,9,12,13,14,15,6,6,6,6,41,14,15,12,13,4,1,2,5,7,7,7,7,41,18,16,17,19,8,11,10,9,7,7,7,7,41,4,14,13,3,0,1,2,3,8,8,8,8,41,10,0,1,11,18,19,16,17,9,9,9,9],
    "uvs":[[0.0625,0.923828,0.0625,0.916016,0.125,0.916016,0.125,0.923828,0.0625,0.908203,0.125,0.908203,0.0625,0.900391,0.125,0.900391,0.121094,0.916016,0.123047,0.916016,0.123047,0.923828,0.121094,0.923828,0.0625,0.849609,0.125,0.849609,0.125,0.875,0.0625,0.875,0.0625,0.8125,-0,0.8125,-0,0.75,0.0625,0.75]],
    "vertices":[-5,-4.37114e-08,-1,-3,-4.37114e-08,-1,-4.05585,0.603333,-1.95811,-3.94415,0.603333,-1.95811,-3.94415,-8.55918e-08,-1.95811,-4.05585,-8.55918e-08,-1.95811,-4.07654,0.59993,-1.4723,-4.07654,1.07195,-1.4723,-3.92346,0.59993,-1.4723,-3.92346,1.07195,-1.4723,-5,-1.31134e-07,-3,-3,-1.31134e-07,-3,-4.05585,0.603333,-2.04189,-3.94415,0.603333,-2.04189,-3.94415,-8.92537e-08,-2.04189,-4.05585,-8.92537e-08,-2.04189,-4.07654,0.59993,-2.5277,-4.07654,1.07195,-2.5277,-3.92346,0.59993,-2.5277,-3.92346,1.07195,-2.5277],
    "metadata":{
        "generator":"io_three",
        "uvs":1,
        "vertices":20,
        "normals":10,
        "version":3,
        "faces":11,
        "type":"Geometry"
    }
}