{
    "uvs":[[0.714844,0.929688,0.714844,0.933594,0.75,0.933594,0.75,0.929688,0.742188,0.917969,0.75,0.921875,0.714844,0.921875,0.722656,0.917969,0.75,0.917969,0.714844,0.917969,0.746094,0.925781,0.746094,0.929688,0.726562,0.929688,0.726562,0.925781,0.75,0.925781,0.714844,0.925781,0.726562,0.921875,0.726562,0.917969,0.742188,0.933594,0.722656,0.933594,0.738281,0.921875,0.71875,0.929688,0.71875,0.933594,0.722656,0.929688,0.742188,0.929688,0.738281,0.925781,0.738281,0.929688,0.738281,0.933594,0.726562,0.933594,0.714844,0.9375,0.71875,0.9375,0.746094,0.9375]],
    "vertices":[-0.126814,0.000252836,-0.0665132,-0.138266,0.201786,-0.0535511,-0.126814,0.000252835,-0.097319,-0.138266,0.201786,-0.110281,-0.0995962,0.000252836,-0.0665132,-0.0881438,0.201786,-0.0535511,-0.0995962,0.000252835,-0.097319,-0.137405,0.0588456,-0.0545262,-0.141134,0.117438,-0.0503056,-0.141134,0.176031,-0.0503056,-0.141134,0.176031,-0.113527,-0.141134,0.117438,-0.113527,-0.137405,0.0588456,-0.109306,-0.0852763,0.176031,-0.113527,-0.0852763,0.117438,-0.113527,-0.0890054,0.0588456,-0.109306,-0.0852763,0.176031,-0.0503056,-0.0852763,0.117438,-0.0503056,-0.0890054,0.0588456,-0.0545262,-0.125458,0.105561,-0.132347,-0.129234,0.0719336,-0.129429,-0.100952,0.105561,-0.132347,-0.097176,0.0719336,-0.129429,-0.125458,0.105561,-0.151282,-0.122362,0.0719336,-0.14675,-0.100952,0.105561,-0.151282,-0.104048,0.0719336,-0.14675,-0.122562,0.148524,-0.134584,-0.103848,0.148524,-0.134584,-0.122562,0.148524,-0.149045,-0.103848,0.148524,-0.149045,-0.128213,0.127827,-0.0257019,-0.123546,0.166602,-0.0277708,-0.102864,0.166602,-0.0277708,-0.0981974,0.127827,-0.0257019,-0.121477,0.134281,-0.0102379,-0.123546,0.159312,-0.00809225,-0.102864,0.159312,-0.00809225,-0.104933,0.134281,-0.0102379,-0.106703,0.195874,-0.0197931,-0.119707,0.195874,-0.0197931,-0.106703,0.195874,-0.0107592,-0.119707,0.195874,-0.0107592,-0.125666,0.228386,-0.0678129,-0.125666,0.228386,-0.0960193,-0.100744,0.228386,-0.0960193,-0.100744,0.228386,-0.0678129,-0.0881438,0.201786,-0.110281,0.0300325,-0.00044311,0.116285,0.0138696,0.259336,0.106127,0.0649172,-0.00044311,0.107206,0.0781109,0.259336,0.0894077,0.033561,-0.000443108,0.149505,0.0203673,0.259336,0.167304,0.0684456,-0.000443109,0.140426,0.0150854,0.0750841,0.106891,0.00982251,0.150611,0.103584,0.00982251,0.226138,0.103584,0.0814145,0.226138,0.0849513,0.0814145,0.150611,0.0849513,0.0771184,0.0750841,0.0907466,0.0886556,0.226138,0.153127,0.0886556,0.150611,0.153127,0.0833927,0.0750841,0.14982,0.0170637,0.226138,0.17176,0.0170637,0.150611,0.17176,0.0213598,0.0750841,0.165965,0.104759,0.135302,0.0985377,0.100965,0.0919548,0.0947885,0.107936,0.135302,0.128447,0.105121,0.0919548,0.133917,0.126202,0.135302,0.092957,0.12147,0.0919548,0.0980713,0.129378,0.135302,0.122867,0.123845,0.0919548,0.120424,0.107668,0.190681,0.101412,0.110094,0.190681,0.124254,0.124043,0.190681,0.0971503,0.12647,0.190681,0.119992,-0.0163639,0.164002,0.126606,-0.013416,0.213984,0.131692,-0.0107348,0.213984,0.156935,-0.0124728,0.164002,0.163241,-0.0330022,0.172322,0.139384,-0.0357002,0.204587,0.137491,-0.033019,0.204587,0.162735,-0.0308575,0.172322,0.159577,-0.0202665,0.251716,0.154601,-0.0219523,0.251716,0.138729,-0.0304967,0.251716,0.157263,-0.0321826,0.251716,0.141391,0.0316532,0.293625,0.117304,0.0635943,0.293625,0.10899,0.066825,0.293625,0.139408,0.0348838,0.293625,0.147721,0.0846086,0.259336,0.150584,0.0937316,-0.000420494,-0.134791,0.104043,0.279058,-0.120026,0.0613842,-0.000420494,-0.139046,0.0444744,0.279058,-0.127862,0.101572,-0.000420495,-0.165625,0.118482,0.279058,-0.176809,0.0692249,-0.000420495,-0.16988,0.103267,0.0808339,-0.121137,0.106625,0.162088,-0.116329,0.106625,0.243343,-0.116329,0.0402404,0.243343,-0.125062,0.0402404,0.162088,-0.125062,0.0457465,0.0808339,-0.128704,0.0563314,0.243343,-0.188342,0.0563314,0.162088,-0.188342,0.059689,0.0808339,-0.183534,0.122716,0.243343,-0.179609,0.122716,0.162088,-0.179609,0.11721,0.0808339,-0.175968,0.0249941,0.145618,-0.145421,0.0269702,0.0989839,-0.14074,0.0320534,0.145618,-0.173182,0.0362053,0.0989839,-0.177058,0.00511104,0.145618,-0.148036,0.0107621,0.0989839,-0.150917,0.0121703,0.145618,-0.175798,0.0160378,0.0989839,-0.171665,0.0234789,0.205197,-0.14901,0.0288701,0.205197,-0.170211,0.00829435,0.205197,-0.151008,0.0136855,0.205197,-0.172209,0.136182,0.176495,-0.127569,0.135354,0.230267,-0.133141,0.141312,0.230267,-0.156572,0.144829,0.176495,-0.161573,0.15436,0.185445,-0.133063,0.156017,0.220158,-0.130423,0.161975,0.220158,-0.153853,0.159126,0.185445,-0.151806,0.148583,0.27086,-0.151121,0.144837,0.27086,-0.136388,0.158069,0.27086,-0.149873,0.154323,0.27086,-0.13514,0.0926977,0.315947,-0.136271,0.0630797,0.315947,-0.140167,0.0702588,0.315947,-0.1684,0.0998768,0.315947,-0.164504,0.0589133,0.279058,-0.184645],
    "metadata":{
        "faces":135,
        "uvs":1,
        "normals":129,
        "vertices":144,
        "type":"Geometry",
        "version":3,
        "generator":"io_three"
    },