{
    "normals":[-1,-0,0,-0,0,1,0,0.992445,0.12269,0,-0.122693,0.992445,-1,3.46455e-09,-2.80248e-08,0,-0.992445,-0.12269,1,-3.46455e-09,2.80248e-08,0,-0,-1,0,0.122688,-0.992445,1,0,0,-1.77636e-15,1,-4.37114e-08,-0.0733126,0.959346,0.272544,-0.422041,-0.277448,0.863078,-0.903608,0.0517506,-0.425223,0.0733127,-0.959346,-0.272544,0.903608,-0.0517499,0.425224,0.422041,0.277447,-0.863078,0.133176,0.859045,0.494272,0.463148,-0.494854,0.735264,-0.876218,-0.131002,0.463768,-0.133177,-0.859045,-0.494272,0.876218,0.131001,-0.463768,-0.463149,0.494853,-0.735265],
    "faces":[41,15,5,2,12,0,1,2,3,0,0,0,0,41,4,3,2,5,4,5,2,1,1,1,1,1,41,19,17,7,9,6,7,8,9,2,2,2,2,41,8,9,7,6,10,11,12,13,3,3,3,3,41,16,6,7,17,7,8,9,6,4,4,4,4,41,6,16,18,8,9,6,7,8,5,5,5,5,41,8,18,19,9,9,6,7,8,6,6,6,6,41,14,15,12,13,4,1,2,5,7,7,7,7,41,18,16,17,19,8,9,13,10,8,8,8,8,41,4,14,13,3,0,1,2,3,9,9,9,9,41,10,0,1,11,16,17,14,15,10,10,10,10,41,27,25,21,23,6,7,8,9,11,11,11,11,41,22,23,21,20,10,11,12,13,12,12,12,12,41,24,20,21,25,7,8,9,6,13,13,13,13,41,20,24,26,22,9,6,7,8,14,14,14,14,41,22,26,27,23,9,6,7,8,15,15,15,15,41,26,24,25,27,8,9,13,10,16,16,16,16,41,35,33,29,31,6,7,8,9,17,17,17,17,41,30,31,29,28,10,11,12,13,18,18,18,18,41,32,28,29,33,7,8,9,6,19,19,19,19,41,28,32,34,30,9,6,7,8,20,20,20,20,41,30,34,35,31,9,6,7,8,21,21,21,21,41,34,32,33,35,8,9,13,10,22,22,22,22],
    "uvs":[[0.0625,0.923828,0.0625,0.916016,0.125,0.916016,0.125,0.923828,0.0625,0.908203,0.125,0.908203,0.1875,0.867188,0.1875,0.861328,0.238281,0.861328,0.238281,0.867188,0.244141,0.861328,0.25,0.861328,0.25,0.867188,0.244141,0.867188,0.0625,0.8125,0,0.8125,0,0.75,0.0625,0.75]],
    "vertices":[-1,1.31134e-07,3,1,1.31134e-07,3,-0.0262776,0.603333,2.02396,0.0262775,0.603333,2.02396,0.0262775,8.84703e-08,2.02396,-0.0262776,8.84703e-08,2.02396,-0.047829,0.527994,2.5186,-0.047829,0.610667,2.52882,0.0478293,0.527994,2.5186,0.0478293,0.610667,2.52882,-1,4.37114e-08,1,1,4.37114e-08,1,-0.0262776,0.603333,1.97604,0.0262775,0.603333,1.97604,0.0262775,8.63753e-08,1.97604,-0.0262776,8.63753e-08,1.97604,-0.047829,0.65748,1.47118,-0.047829,0.740153,1.4814,0.0478294,0.65748,1.47118,0.0478294,0.740153,1.4814,-0.262874,0.519468,2.42375,-0.268981,0.599383,2.44646,-0.176437,0.514517,2.46443,-0.182544,0.594433,2.48713,0.182544,0.812283,1.51287,0.176437,0.892199,1.53557,0.268982,0.807333,1.55354,0.262875,0.887248,1.57625,0.196946,0.456999,2.38959,0.20804,0.528559,2.43076,0.280764,0.469531,2.34523,0.291857,0.541091,2.3864,-0.291857,0.979263,1.6136,-0.280763,1.05082,1.65477,-0.20804,0.991795,1.56924,-0.196946,1.06335,1.61041],
    "metadata":{
        "generator":"io_three",
        "uvs":1,
        "vertices":36,
        "normals":23,
        "version":3,
        "faces":23,
        "type":"Geometry"
    }
}