{
    "vertices":[-10.1844,0.161064,2.8042,-10.854,0.163336,2.3814,-10.018,-0.103962,1.31473,-9.58262,-0.0766019,1.66793,-10.5106,0.128825,2.60606,-10.3592,0.516317,2.04451,-10.7822,-0.0521466,1.81289,-9.80643,0.248623,2.59412,-10.1076,-0.0667335,3.04958,-10.5969,-0.325245,2.81568,-10.99,-0.0702938,2.54539,-9.57098,-0.271778,1.89623,-9.88449,-0.24438,2.76834,-10.946,-0.0914046,2.04008,-10.7151,-0.0706615,1.35882,-10.6943,0.16026,2.48586,-10.5878,0.423505,1.92199,-10.3903,-0.0347785,1.33793,-10.8072,-0.226062,2.67107,-11,2.18557e-07,5,-7,2.18557e-07,5,-11,4.37114e-08,1,-7,4.37114e-08,1,-8.81882,0.717667,2.63425,-8.12455,0.638516,2.78875,-7.94976,0.554813,2.24342,-9.00883,0.544325,2.76352,-8.58896,0.356965,1.68092,-7.57402,0.427263,2.11992,-7.86945,0.519567,3.15792,-8.34787,2.54543,1.51587,-7.3555,2.00819,1.41905,-7.42159,2.61813,1.77807,-8.1794,3.06178,1.2073,-7.83518,2.64974,0.449521,-6.87667,2.58614,0.875173,-7.27573,3.08011,1.52217,-8.36195,2.64947,1.63098,-8.05938,2.16833,0.819739,-6.86612,2.01664,1.12283,-7.21817,2.80918,2.02158,-8.25533,2.95512,1.38331,-8.0395,2.34169,0.409223,-6.66393,2.20399,0.89241,-7.09979,2.99724,1.83118,-9.3573,-0.126912,3.12071,-8.97114,-0.388848,0.990872,-6.74894,-0.457376,1.91914,-7.67765,-0.127011,3.98991,-8.48995,0.692956,2.0867,-7.49475,2.50263,1.84568,-7.45747,1.88292,1.53835,-8.07746,2.20999,0.995357,-8.05939,2.16834,0.81977,-8.39209,2.41695,1.6105,-8.13525,2.10426,1.10139,-9.66811,0.161212,3.73547,-9.46322,0.462817,4.37691,-9.55199,0.394475,3.98706,-9.81844,0.342569,3.79943,-8.99364,0.853311,4.0678,-8.81894,0.984654,4.72858,-9.69751,0.463826,4.35605,-10.2966,-0.342841,3.14473,-9.00962,-0.0109143,3.59719,-8.6297,-0.180439,4.83026,-10.4751,-0.155225,4.5725,-10.3583,-0.0348025,3.18822,-8.67955,0.683384,3.7198,-8.59934,0.395385,4.89066,-10.3908,0.336143,4.60948,-9.66236,0.246586,4.4951,-9.69065,-0.057657,4.46953,-9.72731,-0.0902634,3.6758],
    "normals":[-0.272643,0.552932,0.787358,0.6161,0.395435,0.681214,0.479572,0.822441,-0.305943,-0.142765,0.883555,0.446037,-0.538232,0.473025,0.697534,-0.362278,0.840455,0.402977,0.959515,0.0673639,0.273484,-0.794175,0.569825,-0.211152,-0.583661,0.671152,-0.457051,0.0708463,0.785031,-0.615391,-0.775394,0.624176,-0.0957498,-0.382102,0.465606,0.798254,0,1,-4.37114e-08,-0.82634,0.490906,-0.275995,0.332072,0.520131,-0.786887,0.768099,0.601084,0.22073,-0.303157,0.658032,0.689268,0.832978,-0.207852,0.512782,-0.882315,-0.0781206,-0.464131,-0.689825,0.60626,-0.395716,0.362566,0.931949,0.00407635,-0.105373,0.851752,0.513241,-0.129142,-0.731193,0.669836,0.142128,0.872091,-0.468248,-0.256412,0.61771,0.743429,-0.695667,-0.711749,0.0972671,-0.648731,0.523444,-0.552408,-0.865061,-0.493166,-0.0919633,0.201406,0.868248,-0.45341,0.365273,0.0355367,-0.930222,-0.083002,-0.982774,-0.165122,-0.170645,0.905318,0.388948,-0.968721,-0.070923,-0.237802,-0.296527,0.705904,0.643251,0.0472838,-0.877406,-0.477413,0.849084,-0.161089,0.503096,0.790806,0.607259,-0.0765692,-0.791743,0.378,-0.479853,0.233222,-0.609784,0.757477,0.359596,0.673721,-0.645594,-0.361309,-0.914931,0.179879,0.223057,-0.560921,-0.797254,-0.890553,-0.00185228,-0.454876,0.170393,-0.745928,-0.643861,-0.205295,0.518891,0.829823,0.925608,-0.144817,0.349682,-0.634563,0.772774,0.0122613,-0.138395,0.242045,-0.960344,-0.0197128,0.981162,-0.192181,0.809194,0.584192,-0.0626519,0.142032,-0.0975313,0.985045,-0.315805,0.923953,-0.215818,0.612918,0.145916,-0.776557,-0.99606,0.0362926,-0.0809192,0.945233,-0.235703,-0.225785,-0.333872,-0.0695654,0.940048,0.13183,0.549439,0.825068,-0.411043,0.687842,-0.598261,0.39655,0.579747,-0.711788,-0.474779,0.278429,0.834903],
    "metadata":{
        "vertices":74,
        "version":3,
        "normals":60,
        "faces":60,
        "type":"Geometry",
        "generator":"io_three",
        "uvs":1
    },
    "uvs":[[0.165039,0.713867,0.166992,0.745117,0.179688,0.744141,0.175781,0.71875,0.148438,0.714844,0.148438,0.742188,0.134766,0.732422,0.132812,0.712891,0.119141,0.716797,0.0878906,0.716797,0.0878906,0.691406,0.119141,0.701172,0.0683594,0.716797,0.0722656,0.697266,0.136719,0.732422,0.154297,0.746094,0.154297,0.708984,0.0878906,0.730469,0.0683594,0.730469,0.177734,0.703125,0.181641,0.720703,0.150391,0.71875,0.150391,0.691406,0.134766,0.697266,0.130859,0.720703,0.150391,0.722656,0.150391,0.697266,0.112305,0.730469,0.105469,0.744141,0.0878906,0.744141,0.0683594,0.744141,0.125,0.25,0.125,0.375,0,0.375,0,0.25,0.130859,0.693359,0.138672,0.714844,0.173828,0.710938,0.181641,0.693359,0.195312,0.705078,0.203125,0.722656,0.236328,0.726562,0.246094,0.705078,0.173828,0.714844,0.140625,0.714844,0.175781,0.714844,0.136719,0.714844,0.263672,0.732422,0.304688,0.732422,0.308594,0.742188,0.263672,0.738281,0.158203,0.697266,0.148438,0.693359,0.146484,0.740234,0.164062,0.740234,0.0820312,0.744141,0.0976562,0.75,0.123047,0.734375,0.0703125,0.738281,0.103516,0.714844,0.103516,0.697266,0.123047,0.6875,0.117188,0.734375,0.0820312,0.693359,0.0703125,0.6875,0.193359,0.707031,0.238281,0.703125,0.25,0.693359,0.193359,0.697266,0.136719,0.722656,0.164062,0.703125,0.177734,0.722656,0.134766,0.710938,0.179688,0.722656,0.179688,0.728516,0.134766,0.71875,0.242188,0.738281,0.234375,0.734375,0.201172,0.730469,0.191406,0.734375,0.111328,0.734375,0.0742188,0.734375,0.0722656,0.699219,0.109375,0.699219,0.119141,0.746094,0.0664062,0.744141,0.300781,0.708984,0.255859,0.708984,0.308594,0.720703,0.107422,0.705078,0.0703125,0.699219,0.0703125,0.693359,0.117188,0.699219,0.169922,0.720703,0.138672,0.71875,0.138672,0.728516,0.173828,0.730469,0.142578,0.71875,0.177734,0.724609,0.175781,0.734375,0.142578,0.728516,0.242188,0.701172,0.208984,0.693359,0.203125,0.705078,0.242188,0.710938,0.201172,0.726562,0.242188,0.730469,0.240234,0.738281,0.199219,0.736328,0.119141,0.693359,0.0683594,0.699219,0.105469,0.707031,0.113281,0.695312,0.0664062,0.693359,0.263672,0.699219,0.300781,0.699219,0.310547,0.693359,0.255859,0.691406,0.152344,0.707031,0.173828,0.712891,0.146484,0.732422,0.308594,0.710938,0.265625,0.705078,0.263672,0.710938,0.224609,0.746094,0.21875,0.693359,0.205078,0.697266,0.205078,0.742188,0.167969,0.712891,0.167969,0.722656,0.265625,0.722656,0.265625,0.732422,0.146484,0.693359,0.160156,0.693359,0.167969,0.746094,0.144531,0.740234,0.150391,0.693359,0.162109,0.693359,0.169922,0.744141,0.146484,0.746094,0.0732422,0.716797,0.110352,0.716797,0.154297,0.719727,0.15625,0.729492,0.22168,0.728516,0.219727,0.737305,0.119141,0.719727,0.0869141,0.703125,0.0898438,0.694336]],