{
    "metadata":{
        "faces":36,
        "type":"Geometry",
        "normals":18,
        "generator":"io_three",
        "uvs":1,
        "vertices":40,
        "version":3
    },
    "faces":[41,0,1,3,2,0,1,2,3,0,0,0,0,41,8,19,7,6,4,5,6,7,1,1,1,1,41,6,7,5,4,8,9,10,11,2,2,2,2,41,1,0,20,31,2,3,12,13,3,3,3,3,41,8,6,4,25,14,10,11,15,4,4,4,4,41,14,3,1,31,16,17,18,19,5,5,5,5,41,7,19,26,5,10,14,15,11,5,5,5,5,41,19,18,27,26,14,20,21,15,5,5,5,5,41,18,17,28,27,20,6,7,21,5,5,5,5,41,17,16,29,28,22,23,24,25,5,5,5,5,41,16,15,30,29,26,27,28,29,6,6,6,6,41,15,14,31,30,27,16,19,28,5,5,5,5,41,20,0,2,13,31,18,17,30,7,7,7,7,41,21,20,36,37,32,33,34,35,8,8,8,8,41,12,11,22,21,27,26,29,28,4,4,4,4,41,11,10,23,22,36,37,38,39,4,4,4,4,41,10,9,24,23,6,40,41,7,4,4,4,4,41,8,25,39,32,42,34,33,43,9,9,9,9,41,4,5,26,25,7,6,5,4,3,3,3,3,41,25,26,27,24,4,5,44,45,10,10,10,10,41,24,27,28,23,45,44,26,29,11,11,11,11,41,23,28,29,22,25,22,12,46,10,10,10,10,41,22,29,30,21,18,17,47,48,12,12,12,12,41,21,30,31,20,48,47,13,12,11,11,11,11,41,2,3,14,13,3,2,13,12,1,1,1,1,41,13,14,15,12,12,13,47,48,13,13,13,13,41,12,15,16,11,48,47,17,18,1,1,1,1,41,11,16,17,10,46,12,22,25,13,13,13,13,41,10,17,18,9,29,26,44,45,13,13,13,13,41,9,18,19,8,45,44,5,4,13,13,13,13,41,12,21,37,34,42,34,33,43,9,9,9,9,41,13,12,34,35,33,32,35,34,14,14,14,14,41,24,9,33,38,34,42,43,33,15,15,15,15,41,9,8,32,33,35,34,33,32,16,16,16,16,41,20,13,35,36,34,42,43,33,15,15,15,15,41,25,24,38,39,34,35,32,33,17,17,17,17],
    "vertices":[-0.108593,0.342207,0.0153812,-0.0944653,0.366725,0.0133801,-0.108593,0.342207,-0.0153813,-0.0944653,0.366725,-0.0133802,0.108593,0.342207,0.0153812,0.0944653,0.366725,0.0133801,0.108593,0.342207,-0.0153813,0.0944653,0.366725,-0.0133802,0.0682587,0.342207,-0.0153813,0.055848,0.342207,-0.0153813,0.00620534,0.342207,-0.0153813,-0.00620533,0.342207,-0.0153813,-0.055848,0.342207,-0.0153813,-0.0682587,0.342207,-0.0153813,-0.0593782,0.366725,-0.0133802,-0.0485822,0.366725,-0.0133802,-0.00539802,0.366725,-0.0133802,0.00539802,0.366725,-0.0133802,0.0485822,0.366725,-0.0133802,0.0593782,0.366725,-0.0133802,-0.0682587,0.342207,0.0153812,-0.055848,0.342207,0.0153812,-0.00620533,0.342207,0.0153812,0.00620534,0.342207,0.0153812,0.055848,0.342207,0.0153812,0.0682587,0.342207,0.0153812,0.0593782,0.366725,0.0133801,0.0485822,0.366725,0.0133801,0.00539802,0.366725,0.0133801,-0.00539802,0.366725,0.0133801,-0.0485822,0.366725,0.0133801,-0.0593782,0.366725,0.0133801,0.0682587,0.327207,-0.0153813,0.055848,0.327207,-0.0153813,-0.055848,0.327207,-0.0153813,-0.0682587,0.327207,-0.0153813,-0.0682587,0.327207,0.0153812,-0.055848,0.327207,0.0153812,0.055848,0.327207,0.0153812,0.0682587,0.327207,0.0153812],
    "uvs":[[0.0625,0.394531,0.0625,0.402344,0.0703125,0.402344,0.0703125,0.394531,0.154297,0.394531,0.152344,0.402344,0.164062,0.402344,0.164062,0.394531,0.203125,0.394531,0.203125,0.402344,0.195312,0.402344,0.195312,0.394531,0.0820312,0.394531,0.0839844,0.402344,0.183594,0.402344,0.183594,0.394531,0.115234,0.402344,0.101562,0.402344,0.101562,0.394531,0.115234,0.394531,0.177734,0.402344,0.177734,0.394531,0.0820312,0.386719,0.0820312,0.378906,0.0644531,0.378906,0.0644531,0.386719,0.132812,0.402344,0.117188,0.402344,0.117188,0.394531,0.132812,0.394531,0.113281,0.402344,0.113281,0.394531,0.144531,0.390625,0.134766,0.390625,0.134766,0.380859,0.144531,0.380859,0.185547,0.392578,0.185547,0.384766,0.167969,0.384766,0.167969,0.392578,0.179688,0.402344,0.179688,0.394531,0.125,0.380859,0.125,0.390625,0.146484,0.402344,0.148438,0.394531,0.0644531,0.394531,0.0878906,0.402344,0.0859375,0.394531]],
    "normals":[-0.866441,0.499279,0,0,0.0813488,-0.996686,0.866441,0.499279,0,0,0.0813489,0.996686,0,-1,-0,0,1,0,0,1,0,0,-1,0,0,6.20882e-08,1,1,-0,0,0,0.0813489,0.996686,0,0.0813489,0.996686,0,0.0813489,0.996686,0,0.0813488,-0.996686,0,-6.20882e-08,-1,-1,0,0,0,-6.20882e-08,-1,0,6.20882e-08,1]
}