{
    "normals":[0.997862,0.00483285,0.0651798,0.997862,0.00483309,0.0651793,0.997862,0.00483302,0.0651793,0.997862,0.00483308,0.0651798,-0.997831,0.00287825,-0.0657658,0.065358,-0.0686538,-0.995497,0.997833,0.0125427,0.0645855,-0.0653526,0.0840744,0.994314,0.000168988,0.997068,-0.0765199,0.630727,0,-0.776005,0.776005,0,0.630727,-0.155165,0.969267,0.190905,-0.630727,0,0.776005,0.630727,0,-0.776005,-0.776005,0,-0.630727,-0.155165,0.969267,0.190905,-0.630726,0,0.776006,0.720059,0,-0.693913,0.693913,0,0.720059,-0.177141,0.969267,0.170709,-0.720059,0,0.693913,0.720058,0,-0.693914,-0.693913,0,-0.720058,-0.177141,0.969267,0.170709,-0.720059,0,0.693913,-0.66123,0,-0.750183,0.750182,0,-0.661231,0.162669,0.969267,0.184552,0.661232,0,0.750182,-0.661232,0,-0.750182,-0.750182,0,0.661232,0.162669,0.969267,0.184552,0.661231,0,0.750183,0.991913,-4.17648e-08,-0.12692,0.126918,0,0.991913,-0.24402,0.969267,0.0312234,-0.991913,0,0.12692,0.991913,-4.59413e-08,-0.126916,-0.126918,0,-0.991913,-0.24402,0.969267,0.0312226,-0.991913,0,0.126916,-0.137502,0,-0.990501,0.990502,0,-0.137501,0.0338269,0.969267,0.243673,0.137503,0,0.990501,-0.990502,0,0.137501,0.0338268,0.969267,0.243673,0.137502,0,0.990501,-1.77636e-15,1,-4.37114e-08,2.94669e-07,0,1,-1,0,2.94669e-07,2.20384e-07,0,1,-2.12229e-07,0,-1,6.79422e-08,0.973849,0.227194,-0.144292,0.989535,6.1379e-09,-4.07241e-08,0.982051,-0.188616,0.99592,0,-0.0902446,-3.03029e-07,0,-1,1,0,-3.00405e-07,2.94669e-07,0,1,1,0,-2.94669e-07,2.20384e-07,0,1,-2.12229e-07,0,-1,6.79422e-08,0.973849,0.227194,0.144292,0.989535,-7.97927e-08,-4.07242e-08,0.982051,-0.188616,-0.99592,0,-0.0902446,-3.03029e-07,0,-1,-1,0,3.00405e-07],
    "faces":[41,0,1,3,2,0,1,2,3,0,0,0,0,41,4,5,7,6,2,3,0,1,1,1,1,1,41,8,9,11,10,2,3,0,1,2,2,2,2,41,12,14,13,15,0,1,2,3,3,3,3,3,41,16,17,19,18,4,5,0,3,4,4,4,4,41,18,19,23,22,3,0,1,2,5,5,5,5,41,22,23,21,20,4,5,0,3,6,6,6,6,41,20,21,17,16,3,0,1,2,7,7,7,7,41,23,19,17,21,6,7,8,5,8,8,8,8,41,32,36,27,28,9,10,11,12,9,9,9,9,41,28,27,26,29,10,13,14,15,10,10,10,10,41,27,36,34,26,10,15,16,9,11,11,11,11,41,29,26,34,33,12,11,10,9,12,12,12,12,41,32,38,37,36,11,10,13,17,13,13,13,13,41,38,39,35,37,10,15,14,13,14,14,14,14,41,37,35,34,36,10,9,16,15,15,15,15,15,41,39,33,34,35,10,11,17,13,16,16,16,16,41,44,48,41,42,9,10,11,12,17,17,17,17,41,42,41,40,43,10,13,14,15,18,18,18,18,41,41,48,46,40,10,15,16,9,19,19,19,19,41,43,40,46,45,12,11,10,9,20,20,20,20,41,44,50,49,48,11,10,13,17,21,21,21,21,41,50,51,47,49,10,15,14,13,22,22,22,22,41,49,47,46,48,10,9,16,15,23,23,23,23,41,51,45,46,47,10,11,17,13,24,24,24,24,41,56,60,53,54,9,10,11,12,25,25,25,25,41,54,53,52,55,10,13,14,15,26,26,26,26,41,53,60,58,52,10,15,16,9,27,27,27,27,41,55,52,58,57,12,11,10,9,28,28,28,28,41,56,62,61,60,11,10,13,17,29,29,29,29,41,62,63,59,61,10,15,14,13,30,30,30,30,41,61,59,58,60,10,9,16,15,31,31,31,31,41,63,57,58,59,10,11,17,13,32,32,32,32,41,68,72,65,66,9,10,11,12,33,33,33,33,41,66,65,64,67,10,13,14,15,34,34,34,34,41,65,72,70,64,10,15,16,9,35,35,35,35,41,67,64,70,69,12,11,10,9,36,36,36,36,41,68,74,73,72,11,10,13,17,37,37,37,37,41,74,75,71,73,10,15,14,13,38,38,38,38,41,73,71,70,72,10,9,16,15,39,39,39,39,41,75,69,70,71,10,11,17,13,40,40,40,40,41,80,84,77,78,9,10,11,12,41,41,41,41,41,78,77,76,79,10,13,14,15,42,42,42,42,41,77,84,82,76,10,15,16,9,43,43,43,43,41,79,76,82,81,12,11,10,9,44,44,44,44,41,80,86,85,84,11,10,13,17,41,41,41,41,41,86,87,83,85,10,15,14,13,45,45,45,45,41,85,83,82,84,10,9,16,15,46,46,46,46,41,87,81,82,83,10,11,17,13,47,47,47,47,41,25,31,30,24,18,19,20,21,48,48,48,48,41,100,106,94,90,22,23,24,25,49,49,49,49,41,90,94,95,89,26,27,28,29,50,50,50,50,41,96,91,99,97,23,24,25,22,51,51,51,51,41,89,95,93,88,25,24,23,22,52,52,52,52,41,109,92,94,106,30,31,32,33,53,53,53,53,41,92,91,95,94,31,30,33,32,54,54,54,54,41,91,96,93,95,32,33,30,31,55,55,55,55,41,93,96,97,88,28,27,26,29,56,56,56,56,41,92,109,112,98,24,23,22,25,57,57,57,57,41,91,92,98,99,28,27,26,29,58,58,58,58,41,100,103,108,106,22,25,24,23,59,59,59,59,41,103,102,110,108,26,29,28,27,60,60,60,60,41,111,113,115,104,23,22,25,24,61,61,61,61,41,102,101,107,110,25,22,23,24,62,62,62,62,41,109,106,108,105,30,33,32,31,63,63,63,63,41,105,108,110,104,31,32,33,30,64,64,64,64,41,104,110,107,111,32,31,30,33,65,65,65,65,41,107,101,113,111,28,29,26,27,66,66,66,66,41,105,114,112,109,24,25,22,23,67,67,67,67,41,104,115,114,105,28,29,26,27,68,68,68,68],
    "uvs":[[0.488281,0.875,0.503906,0.875,0.503906,1,0.488281,1,0.472656,1,0.472656,0.875,0.472656,0.890625,0.457031,0.890625,0.457031,0.875,0.171875,0.90625,0.171875,0.921875,0.1875,0.921875,0.1875,0.90625,0.171875,0.9375,0.15625,0.9375,0.15625,0.921875,0.15625,0.90625,0.1875,0.9375,0,0.75,0,0.6875,0.0625,0.6875,0.0625,0.75,0.246094,0.90625,0.246094,0.9375,0.248047,0.9375,0.248047,0.90625,0.253906,0.90625,0.253906,0.9375,0.251953,0.9375,0.251953,0.90625,0.0625,0.931641,0.125,0.931641,0.125,0.933594,0.0625,0.933594]],
    "vertices":[-2.83964,1.16919,1.12811,-2.83965,1.13265,1.13091,-2.82137,1.14784,0.84994,-2.82137,1.1113,0.852744,-2.84669,1.02896,1.22067,-2.8467,0.974035,1.22488,-2.81803,0.995466,0.784336,-2.81804,0.940544,0.788551,-2.80346,1.02917,1.22349,-2.80347,0.974244,1.22771,-2.7748,0.995675,0.78716,-2.77481,0.940753,0.791375,-2.8016,1.16901,1.13062,-2.78333,1.11112,0.855256,-2.8016,1.13247,1.13342,-2.78333,1.14766,0.852452,-2.83764,-0.0183948,1.09741,-2.82751,1.18455,0.996356,-2.83444,-0.0221318,1.04872,-2.82553,1.18223,0.966245,-2.78881,-0.0181584,1.10059,-2.79731,1.18469,0.998329,-2.78561,-0.0218953,1.05191,-2.79533,1.18238,0.968218,-3,4.37114e-08,1,-3,1.31134e-07,3,-2.35383,0.1382,2.52678,-2.25049,0.179785,2.39963,-2.25049,1.12342e-07,2.39963,-2.35383,1.179e-07,2.52678,-1,4.37114e-08,1,-1,1.31134e-07,3,-2.3708,1.08067e-07,2.30185,-2.47414,1.13625e-07,2.42899,-2.47414,0.1382,2.42899,-2.59445,0.1382,2.3312,-2.3708,0.179785,2.30185,-2.49111,0.179785,2.20406,-2.49111,1.03793e-07,2.20406,-2.59445,1.09351e-07,2.3312,-2.0133,0.1382,2.36171,-1.89532,0.179785,2.24801,-1.89532,9.82637e-08,2.24801,-2.0133,1.03233e-07,2.36171,-2.00291,9.33839e-08,2.13637,-2.12088,9.83536e-08,2.25007,-2.12088,0.1382,2.25007,-2.22847,0.1382,2.13843,-2.00291,0.179785,2.13637,-2.11049,0.179785,2.02474,-2.11049,8.8504e-08,2.02474,-2.22847,9.34737e-08,2.13843,-1.43789,0.1382,2.39508,-1.54623,0.179785,2.27216,-1.54623,1.0677e-07,2.27216,-1.43789,1.12143e-07,2.39508,-1.66254,1.11251e-07,2.37468,-1.5542,1.16624e-07,2.49759,-1.5542,0.1382,2.49759,-1.67051,0.1382,2.60011,-1.66254,0.179785,2.37468,-1.77885,0.179785,2.4772,-1.77885,1.15732e-07,2.4772,-1.67051,1.21105e-07,2.60011,-1.66614,0.1382,1.96007,-1.50362,0.179785,1.93927,-1.50362,8.47682e-08,1.93927,-1.66614,8.56772e-08,1.96007,-1.5233,7.8046e-08,1.78548,-1.68582,7.89549e-08,1.80628,-1.68582,0.1382,1.80628,-1.70549,0.1382,1.65249,-1.5233,0.179785,1.78548,-1.54298,0.179785,1.6317,-1.54298,7.13237e-08,1.6317,-1.70549,7.22327e-08,1.65249,-2.11706,0.1382,1.6794,-2.13959,0.179785,1.51712,-2.13959,7.37659e-08,1.51712,-2.11706,8.08597e-08,1.6794,-2.29316,7.46977e-08,1.53844,-2.27063,8.17915e-08,1.70072,-2.27063,0.1382,1.70072,-2.4242,0.1382,1.72204,-2.29316,0.179785,1.53844,-2.44672,0.179785,1.55975,-2.44672,7.56296e-08,1.55975,-2.4242,8.27234e-08,1.72204,-2.2474,0.00162229,1.19801,-2.80911,0.00162229,1.19801,-2.80911,0.00162236,2.81622,-2.78678,0.212438,1.21495,-2.78678,0.212438,2.80227,-2.2474,0.209183,1.19801,-2.80911,0.209183,2.81622,-2.80911,0.209183,1.19801,-2.24587,0.212438,1.21495,-2.24587,-0.00295761,1.21495,-2.78678,-0.00295754,2.80227,-2.78678,-0.00295761,1.21495,-2,0.00162236,2.81622,-1.7526,0.00162229,1.19801,-1.19089,0.00162229,1.19801,-1.19089,0.00162236,2.81622,-1.21322,0.212438,1.21495,-1.21321,0.212438,2.80227,-2,0.209183,2.81622,-1.7526,0.209183,1.19801,-1.19089,0.209183,2.81622,-2,0.212438,2.80227,-1.19089,0.209183,1.19801,-1.75413,0.212438,1.21495,-2,-0.00295754,2.80227,-1.75413,-0.00295761,1.21495,-1.21321,-0.00295754,2.80227,-1.21322,-0.00295761,1.21495],
    "metadata":{
        "generator":"io_three",
        "uvs":1,