{
    "normals":[1,0,0,0,0,1,0,0,-1,0.0996348,0.995024,0,-1,0,0,0.370019,0.929024,0,-0.00349421,0.999994,0,0,-0,-1,0,0.999994,0.00349421,0,0.929024,0.370019,0,0.929024,-0.370019,0,1,0,0,0.995024,0.0996348,0,0.995024,-0.0996344,-0,0,-1,0,0,-1,-0,0,1,0,1,-7.45059e-08,0,1,-4.31349e-08,0,1,-7.45059e-08,0,-0,1,0,1,0,0,-1,0,-1,-0,0,-0.0996344,0.995024,0,1,0,-0,-0.370019,0.929024,0,0.00349421,0.999994,0,0,0,1,-0,-1,0,0,0.999994,-0.00349421,0,1,-4.37114e-08,-0.124838,0,0.992177,-0.992177,0,-0.124839,0.0307115,0.969267,-0.244085,0.124839,0,-0.992177,-0.124837,0,0.992177,0.992177,0,0.124839,0.0307113,0.969267,-0.244085,0.124838,0,-0.992177,0.957953,0,0.286924,-0.286923,0,0.957954,-0.235666,0.969267,-0.0705859,-0.957954,0,-0.286922,0.957954,0,0.286922,0.286923,0,-0.957954,-0.235666,0.969267,-0.0705858,-0.957954,0,-0.286923,0.463697,0,0.885994,-0.885995,0,0.463695,-0.114074,0.969267,-0.217963,-0.463697,0,-0.885994,0.463694,0,0.885995,0.885994,0,-0.463697,-0.114073,0.969267,-0.217963,-0.463695,0,-0.885995],
    "faces":[41,8,2,3,9,0,1,2,3,0,0,0,0,41,45,9,3,39,4,3,2,5,1,1,1,1,41,36,0,7,43,8,9,6,7,2,2,2,2,41,1,0,3,2,3,4,10,8,3,3,3,3,41,0,1,6,7,10,8,7,11,4,4,4,4,41,37,42,6,1,8,7,6,9,1,1,1,1,41,4,5,7,6,12,13,14,15,5,5,5,5,41,8,9,12,10,7,11,16,17,6,6,6,6,41,11,10,12,13,18,15,14,19,0,0,0,0,41,49,13,12,48,20,19,14,0,1,1,1,1,41,11,47,46,10,19,20,0,14,7,7,7,7,41,10,46,44,8,7,11,16,17,8,8,8,8,41,41,43,7,5,1,0,14,13,9,9,9,9,41,6,42,40,4,14,0,1,13,10,10,10,10,41,40,41,5,4,3,21,22,23,11,11,11,11,41,3,0,36,39,8,3,4,10,12,12,12,12,41,2,38,37,1,3,4,10,8,13,13,13,13,41,8,44,38,2,4,3,2,5,7,7,7,7,41,52,58,22,18,24,25,26,27,14,14,14,14,41,18,22,23,17,28,29,30,31,0,0,0,0,41,24,19,27,25,25,26,27,24,15,15,15,15,41,17,23,21,16,27,26,25,24,16,16,16,16,41,61,20,22,58,16,17,7,11,17,17,17,17,41,20,19,23,22,17,16,11,7,18,18,18,18,41,19,24,21,23,7,11,16,17,19,19,19,19,41,21,24,25,16,30,29,28,31,4,4,4,4,41,20,61,64,26,26,25,24,27,20,20,20,20,41,19,20,26,27,30,29,28,31,4,4,4,4,41,75,70,29,30,32,32,32,32,14,14,14,14,41,30,29,32,31,33,34,35,36,0,0,0,0,41,29,70,71,32,17,37,38,39,21,21,21,21,41,33,28,35,34,40,41,42,0,4,4,4,4,41,77,28,32,71,43,44,45,46,1,1,1,1,41,28,33,31,32,47,48,3,49,1,1,1,1,41,34,35,74,79,50,12,13,51,16,16,16,16,41,28,77,74,35,52,53,54,34,22,22,22,22,41,44,45,39,38,0,3,2,1,23,23,23,23,41,37,38,39,36,3,8,10,4,24,24,24,24,41,36,43,42,37,10,11,7,8,25,25,25,25,41,40,42,43,41,12,15,14,13,26,26,26,26,41,44,46,48,45,7,17,16,11,27,27,27,27,41,47,49,48,46,18,19,14,15,23,23,23,23,41,52,55,60,58,24,27,26,25,7,7,7,7,41,55,54,62,60,28,31,30,29,23,23,23,23,41,63,65,67,56,25,24,27,26,15,15,15,15,41,54,53,59,62,27,24,25,26,1,1,1,1,41,61,58,60,57,16,11,7,17,17,17,17,17,41,57,60,62,56,17,7,11,16,18,18,18,18,41,56,62,59,63,7,17,16,11,19,19,19,19,41,59,53,65,63,30,31,28,29,25,25,25,25,41,57,66,64,61,26,27,24,25,1,1,1,1,41,56,67,66,57,30,31,28,29,25,25,25,25,41,75,72,69,70,32,32,32,32,7,7,7,7,41,72,73,76,69,33,36,35,34,23,23,23,23,41,69,76,71,70,16,55,38,37,21,21,21,21,41,78,80,81,68,40,0,42,41,0,0,0,0,41,77,71,76,68,43,46,45,44,16,16,16,16,41,68,76,73,78,47,49,3,48,20,20,20,20,41,80,79,74,81,50,51,13,12,28,28,28,28,41,68,81,74,77,52,34,54,53,29,29,29,29,41,45,48,12,9,11,16,17,7,30,30,30,30,41,15,51,50,14,5,56,57,4,31,31,31,31,41,86,90,83,84,58,59,60,20,32,32,32,32,41,84,83,82,85,59,61,23,62,33,33,33,33,41,83,90,88,82,59,62,22,58,34,34,34,34,41,85,82,88,87,20,60,59,58,35,35,35,35,41,86,92,91,90,60,59,61,0,36,36,36,36,41,92,93,89,91,59,62,23,61,37,37,37,37,41,91,89,88,90,59,58,22,62,38,38,38,38,41,93,87,88,89,59,60,0,61,39,39,39,39,41,98,102,95,96,58,59,60,20,40,40,40,40,41,96,95,94,97,59,61,23,62,41,41,41,41,41,95,102,100,94,59,62,22,58,42,42,42,42,41,97,94,100,99,20,60,59,58,43,43,43,43,41,98,104,103,102,60,59,61,0,44,44,44,44,41,104,105,101,103,59,62,23,61,45,45,45,45,41,103,101,100,102,59,58,22,62,46,46,46,46,41,105,99,100,101,59,60,0,61,47,47,47,47,41,110,114,107,108,58,59,60,20,48,48,48,48,41,108,107,106,109,59,61,23,62,49,49,49,49,41,107,114,112,106,59,62,22,58,50,50,50,50,41,109,106,112,111,20,60,59,58,51,51,51,51,41,110,116,115,114,60,59,61,0,52,52,52,52,41,116,117,113,115,59,62,23,61,53,53,53,53,41,115,113,112,114,59,58,22,62,54,54,54,54,41,117,111,112,113,59,60,0,61,55,55,55,55],
    "uvs":[[0.1875,0.9375,0.1875,1,0.125,1,0.125,0.9375,0.0625,0.9375,0.0625,1,0.123047,0.933594,0.125,0.933594,0.125,0.935547,0.123047,0.935547,0.0625,0.935547,0.0625,0.933594,0.3125,1,0.25,1,0.25,0.9375,0.3125,0.9375,0.0625,0.931641,0.125,0.931641,0.3125,0.90625,0.25,0.90625,0.1875,0.90625,0.125,0.90625,0.15625,0.90625,0.15625,0.9375,0.246094,0.90625,0.246094,0.9375,0.248047,0.9375,0.248047,0.90625,0.253906,0.90625,0.253906,0.9375,0.251953,0.9375,0.251953,0.90625,0,-1,0.185547,0.9375,0.185547,1,0.175781,1,0.175781,0.9375,0.09375,0.931641,0.09375,0.923828,0.125,0.923828,0.177734,0.9375,0.177734,0.994141,0.1875,0.994141,0.0644531,0.992188,0.123047,0.992188,0.123047,1,0.0644531,1,0.117188,0.998047,0.117188,0.9375,0.125,0.998047,0.3125,0.939453,0.25,0.939453,0.185547,0.992188,0.126953,0.992188,0.126953,1,0.0625,0.923828,0,1,0,0.9375,0.171875,0.90625,0.171875,0.921875,0.1875,0.921875,0.171875,0.9375,0.15625,0.921875]],