{
    "normals":[0.965136,-0.0455587,0.257753,0.965136,-0.0455589,0.257754,0.965136,-0.0455589,0.257754,0.965136,-0.0455591,0.257753,-0.965105,0.0531733,-0.256406,0.261742,0.175597,-0.949029,0.965108,-0.0379417,0.259087,-0.261738,-0.160368,0.951722,-1.15182e-06,0.984736,0.174054,-7.10543e-15,1,-4.37114e-08,0.0124725,0.999922,-4.24375e-08,-1.60377e-07,2.04849e-09,1,0.999919,-0.0127614,5.94383e-10,-0.999918,0.0127825,-5.94382e-10,1,-0,0,-1,0,-0,-1,0,-0,4.70455e-06,-2.47352e-07,-1,0,0,1,-0,0,-1,0,-1,-6.75445e-08,0,0.17365,-0.984807,1,0,0,0,-0.173651,0.984807,-1,0,0,0,-0.984808,-0.173647,0,0.984808,0.173647,0,0.00551318,-0.999985,-1,-0,0,1,0,-0,0,-1,4.38276e-08,0,3.22411e-07,1,0,0.996904,-0.078626,0,1,-0,0,-0,1,0,0,-1,0,0.838567,0.544799,0,-0.544798,0.838567,0,0.544798,-0.838567,0.0208108,0,0.999783,-0.999783,0,0.0208117,-0.00511984,0.969267,-0.245957,-0.0208123,0,-0.999783,0.999783,0,-0.0208117,-0.00511946,0.969267,-0.245957,-0.0208092,0,-0.999783],
    "faces":[41,0,1,3,2,0,1,2,3,0,0,0,0,0,0,0,0,41,4,5,7,6,2,3,0,1,0,0,0,0,1,1,1,1,41,8,9,11,10,2,3,0,1,0,0,0,0,2,2,2,2,41,12,14,13,15,0,1,2,3,0,0,0,0,3,3,3,3,41,16,17,19,18,4,5,0,3,0,0,0,0,4,4,4,4,41,18,19,23,22,3,0,1,2,0,0,0,0,5,5,5,5,41,22,23,21,20,4,5,0,3,0,0,0,0,6,6,6,6,41,20,21,17,16,3,0,1,2,0,0,0,0,7,7,7,7,41,23,19,17,21,6,7,8,5,0,0,0,0,8,8,8,8,41,24,25,27,26,9,10,11,12,0,0,0,0,9,9,9,9,41,33,34,35,32,13,14,15,16,0,0,0,0,10,10,10,10,41,29,31,35,34,16,13,17,18,0,0,0,0,11,11,11,11,41,31,30,32,35,17,18,16,13,0,0,0,0,12,12,12,12,41,28,29,34,33,19,20,15,21,0,0,0,0,13,13,13,13,41,36,38,39,37,22,23,24,25,0,0,0,0,14,14,14,14,41,40,42,43,41,22,23,24,25,0,0,0,0,14,14,14,14,41,45,46,47,44,23,24,25,22,0,0,0,0,15,15,15,15,41,49,50,51,48,23,24,25,22,0,0,0,0,16,16,16,16,41,43,42,48,51,26,27,28,29,0,0,0,0,17,17,17,17,41,40,41,50,49,28,29,26,27,0,0,0,0,18,18,18,18,41,39,38,44,47,26,27,28,29,0,0,0,0,19,19,19,19,41,36,37,46,45,28,29,26,27,0,0,0,0,18,18,18,18,41,52,54,55,53,14,15,30,31,0,0,0,0,20,20,20,20,41,56,57,59,58,32,33,34,35,0,0,0,0,21,21,21,21,41,58,59,63,62,36,37,38,39,0,0,0,0,22,22,22,22,41,62,63,61,60,40,41,42,43,0,0,0,0,23,23,23,23,41,60,61,57,56,38,39,36,37,0,0,0,0,24,24,24,24,41,58,62,60,56,44,45,46,47,0,0,0,0,25,25,25,25,41,63,59,57,61,48,49,50,51,0,0,0,0,26,26,26,26,41,64,65,67,66,52,53,54,55,0,0,0,0,27,27,27,27,40,64,68,70,60,56,57,0,0,0,28,28,28,40,70,71,65,57,58,59,0,0,0,24,24,24,40,70,65,64,57,59,60,0,0,0,24,24,24,40,69,66,67,65,61,62,0,0,0,29,29,29,40,67,72,73,62,63,64,0,0,0,22,22,22,40,67,73,69,62,64,65,0,0,0,22,22,22,41,66,69,68,64,66,67,68,69,0,0,0,0,30,30,30,30,41,69,73,70,68,70,54,71,72,0,0,0,0,31,31,31,31,41,71,70,81,80,58,57,73,74,0,0,0,0,28,28,28,28,41,72,67,65,71,75,76,70,56,0,0,0,0,32,32,32,32,41,75,76,77,74,14,31,30,15,0,0,0,0,33,33,33,33,41,55,54,74,77,77,78,13,14,0,0,0,0,34,34,34,34,41,52,53,76,75,13,14,77,78,0,0,0,0,35,35,35,35,41,53,55,77,76,31,30,30,31,0,0,0,0,24,24,24,24,41,54,52,75,74,31,14,77,79,0,0,0,0,14,14,14,14,41,79,80,81,78,80,81,82,83,0,0,0,0,36,36,36,36,41,73,72,79,78,64,63,84,85,0,0,0,0,22,22,22,22,41,70,73,78,81,86,87,53,54,0,0,0,0,37,37,37,37,41,72,71,80,79,88,89,90,91,0,0,0,0,38,38,38,38,41,86,90,83,84,92,93,94,95,0,0,0,0,39,39,39,39,41,84,83,82,85,93,96,97,98,0,0,0,0,40,40,40,40,41,83,90,88,82,93,98,99,92,0,0,0,0,41,41,41,41,41,85,82,88,87,95,94,93,92,0,0,0,0,42,42,42,42,41,86,92,91,90,94,93,96,100,0,0,0,0,39,39,39,39,41,92,93,89,91,93,98,97,96,0,0,0,0,43,43,43,43,41,91,89,88,90,93,92,99,98,0,0,0,0,44,44,44,44,41,93,87,88,89,93,94,100,96,0,0,0,0,45,45,45,45],
    "uvs":[[0.488281,0.875,0.503906,0.875,0.503906,1,0.488281,1,0.472656,1,0.472656,0.875,0.472656,0.890625,0.457031,0.890625,0.457031,0.875,0.0625,0.375,0.0625,0.4375,0,0.4375,0,0.375,0.464844,0.980469,0.464844,0.990234,0.455078,0.990234,0.455078,0.980469,0.464844,0.982422,0.455078,0.982422,0.445312,0.986328,0.455078,0.986328,0.445312,0.990234,0.238281,0.814453,0.228516,0.814453,0.228516,0.804688,0.238281,0.804688,0.220703,0.810547,0.220703,0.814453,0.21875,0.814453,0.21875,0.810547,0.455078,1,0.464844,1,1.125,0.8125,1.25,0.8125,1.25,0.9375,1.125,0.9375,0.0996094,0.919922,0.0996094,0.917969,0.109375,0.917969,0.109375,0.919922,0.169922,0.873047,0.169922,0.875,0.162109,0.875,0.162109,0.873047,0.1875,0.865234,0.1875,0.851562,0.125,0.851562,0.125,0.865234,0.125,0.820312,0.125,0.833984,0.1875,0.833984,0.1875,0.820312,0.445312,0.962891,0.445312,1,0.378906,1,0.378906,0.962891,0.378906,0.925781,0.378906,0.957031,0.369141,0.957031,0.3125,0.957031,0.3125,0.925781,0.378906,0.890625,0.378906,0.921875,0.322266,0.921875,0.3125,0.921875,0.3125,0.890625,1.28125,0.46875,1.28125,0.40625,0.53125,0.40625,0.53125,0.46875,0.378906,0.960938,0.3125,1,0.3125,0.960938,0.378906,0.958984,0.369141,0.958984,0.445312,0.925781,0.445312,0.960938,0.46875,0.990234,0.46875,0.980469,0.46875,1,0.125,0.931641,0.0625,0.931641,0.0625,0.921875,0.125,0.921875,0.322266,0.923828,0.3125,0.923828,0.378906,0.992188,0.445312,0.992188,0.439453,0.931641,0.380859,0.931641,0.380859,0.927734,0.439453,0.927734,0.171875,0.90625,0.171875,0.921875,0.1875,0.921875,0.1875,0.90625,0.171875,0.9375,0.15625,0.9375,0.15625,0.921875,0.15625,0.90625,0.1875,0.9375],[0,0]],
    "vertices":[-8.77929,1.1286,-0.785978,-8.77929,1.0925,-0.792358,-8.70611,1.17556,-1.05169,-8.70611,1.13947,-1.05807,-8.80234,0.970257,-0.734197,-8.80234,0.916015,-0.743784,-8.68755,1.04393,-1.151,-8.68755,0.989686,-1.16059,-8.76053,0.968283,-0.723031,-8.76053,0.914041,-0.732618,-8.64574,1.04195,-1.13983,-8.64574,0.987713,-1.14942,-8.7425,1.1265,-0.776216,-8.66932,1.13738,-1.04831,-8.7425,1.09041,-0.782595,-8.66932,1.17347,-1.04193,-8.75307,-0.0144716,-1.1085,-8.74162,1.17539,-0.904854,-8.74026,-0.00625117,-1.15501,-8.7337,1.18048,-0.933618,-8.70584,-0.016701,-1.09589,-8.71241,1.17401,-0.897053,-8.69303,-0.00848058,-1.14239,-8.70449,1.1791,-0.925817,-9,-1.31134e-07,-3,-9,-4.37114e-08,-1,-7,-1.31134e-07,-3,-7,-4.37114e-08,-1,-8.34549,-0.00496137,-1.79168,-8.34549,-0.00496136,-1.6219,-7.6023,-0.0142315,-1.79168,-7.6023,-0.0142315,-1.6219,-7.60201,0.00829815,-1.79168,-8.3452,0.0175683,-1.79168,-8.3452,0.0175683,-1.6219,-7.60201,0.00829816,-1.6219,-8.47155,0.237586,-2.23656,-8.47155,-0.00338416,-2.23656,-8.47155,0.237586,-2.19902,-8.47155,-0.00338416,-2.19902,-8.47155,0.237586,-1.98656,-8.47155,-0.00338415,-1.98656,-8.47155,0.237586,-1.94902,-8.47155,-0.00338415,-1.94902,-8.45888,0.237586,-2.19902,-8.45888,0.237586,-2.23656,-8.45888,-0.00338416,-2.23656,-8.45888,-0.00338416,-2.19902,-8.45888,0.237586,-1.94902,-8.45888,0.237586,-1.98656,-8.45888,-0.00338415,-1.98656,-8.45888,-0.00338415,-1.94902,-8.58284,0.255819,-1.88282,-8.34347,0.255819,-1.88282,-8.58284,0.255819,-2.32404,-8.34347,0.255819,-2.32404,-8.33755,0.377057,-1.79793,-8.33755,0.389316,-1.79576,-7.60418,0.377057,-1.79793,-7.60418,0.389316,-1.79576,-8.33755,0.349634,-1.6424,-8.33755,0.361893,-1.64024,-7.60418,0.349634,-1.6424,-7.60418,0.361893,-1.64024,-8.34402,-0.00250085,-2.39749,-8.34402,0.376581,-2.3954,-7.60053,-0.00250085,-2.39749,-7.60053,0.376581,-2.3954,-8.34402,-0.00250083,-1.79719,-7.60053,-0.00250083,-1.79719,-8.34402,0.367242,-1.79719,-8.34402,0.417643,-1.87477,-7.60053,0.417643,-1.87477,-7.60053,0.367242,-1.79719,-8.58284,0.234634,-2.32404,-8.58284,0.234634,-1.88282,-8.34347,0.234634,-1.88282,-8.34347,0.234634,-2.32404,-7.60053,0.423642,-1.76055,-7.60053,0.474042,-1.83813,-8.34402,0.474042,-1.83813,-8.34402,0.423642,-1.76055,-7.95443,0.1382,-2.57719,-7.95102,0.179785,-2.41338,-7.95102,-6.97295e-08,-2.41338,-7.95443,-7.68898e-08,-2.57719,-7.79602,-6.98705e-08,-2.41661,-7.79943,-7.70308e-08,-2.58042,-7.79943,0.1382,-2.58042,-7.64442,0.1382,-2.58364,-7.79602,0.179785,-2.41661,-7.64101,0.179785,-2.41984,-7.64101,-7.00116e-08,-2.41984,-7.64442,-7.71718e-08,-2.58364],
    "metadata":{
        "generator":"io_three",
        "uvs":2,
        "vertices":94,
        "normals":46,
        "version":3,
        "faces":128,
        "type":"Geometry"
    }
}