{
    "normals":[-0.635502,0,0.772099,-0.7721,0,-0.635501,-0,-1,-0,0.772099,0,0.635502,0.6355,0,-0.772101,-0.635503,0,0.772098,0.635499,0,-0.772102,0.772097,0,0.635505,-0.772103,0,-0.635498,1.24606e-07,1,-1.5139e-07,0,1,-4.37114e-08,0,1,-7.98766e-08,-0,0,-1,-0,0,1,0,0,1,-1,0,0,-1,0,0,1,0,0,1,0,-0,0,0.972464,0.233055,0,0.972464,0.233055,-1,-0,0,0,-0,-1,0,0.972464,-0.233055,0,0.972464,-0.233055,1,0,0,0,0,-1,0,1,-3.99383e-08,0.653101,0,-0.757271,0.757269,0,0.653103,-0.160669,0.969267,0.186296,-0.653102,0,0.75727,0.653103,0,-0.757269,-0.75727,0,-0.653102,-0.16067,0.969267,0.186296,-0.653102,0,0.75727,-0.307743,0,-0.951469,0.951469,0,-0.307745,0.0757081,0.969267,0.234071,0.307746,0,0.951469,-0.307746,0,-0.951468,-0.951469,0,0.307745,0.0757083,0.969267,0.23407,0.307744,0,0.951469],
    "faces":[41,1,0,2,3,2,3,0,1,0,0,0,0,41,4,0,1,5,4,5,6,7,1,1,1,1,41,0,4,6,2,8,9,10,11,2,2,2,2,41,2,6,7,3,4,5,6,7,3,3,3,3,41,6,4,5,7,0,3,2,1,4,4,4,4,41,10,9,8,11,11,10,9,8,5,5,5,5,41,14,15,12,13,11,8,9,10,6,6,6,6,41,10,14,13,9,12,8,9,13,7,7,7,7,41,15,11,8,12,8,12,13,9,8,8,8,8,41,7,5,1,3,10,14,15,11,9,9,9,9,41,16,17,19,18,16,17,18,19,10,10,10,10,41,30,35,21,20,20,21,22,23,11,11,11,11,41,49,20,21,50,24,25,26,27,12,12,12,12,41,51,33,28,54,25,28,29,30,13,13,13,13,41,28,33,40,39,31,32,33,34,14,14,14,14,41,53,31,30,56,25,28,29,30,12,12,12,12,41,58,44,31,53,35,36,37,26,15,15,15,15,41,56,30,20,49,38,20,28,25,16,16,16,16,41,57,45,33,51,35,36,39,40,17,17,17,17,41,54,28,29,55,30,29,28,25,13,13,13,13,41,52,25,22,50,41,42,34,43,18,18,18,18,41,45,35,41,48,44,45,32,46,17,17,17,17,41,48,47,39,40,47,48,49,27,19,19,19,19,41,47,46,36,39,48,47,27,49,20,20,20,20,41,44,29,36,46,44,50,31,46,21,21,21,21,41,29,28,39,36,31,32,33,34,14,14,14,14,41,30,31,37,38,32,31,34,33,22,22,22,22,41,35,30,38,41,32,31,34,33,22,22,22,22,41,31,44,46,37,45,44,46,32,21,21,21,21,41,38,37,46,47,49,27,47,48,23,23,23,23,41,41,38,47,48,27,49,48,47,24,24,24,24,41,33,45,48,40,50,44,46,31,17,17,17,17,41,52,35,45,57,26,37,36,35,25,25,25,25,41,55,29,44,58,40,39,36,35,16,16,16,16,41,27,55,58,42,34,43,51,52,16,16,16,16,41,25,52,57,43,53,54,51,52,17,17,17,17,41,35,52,50,21,25,24,55,38,18,18,18,18,41,32,54,55,27,56,57,40,58,13,13,13,13,41,43,57,51,24,52,51,58,33,17,17,17,17,41,42,58,53,26,52,51,58,33,16,16,16,16,41,26,53,56,34,43,26,40,58,12,12,12,12,41,24,51,54,32,43,26,59,54,13,13,13,13,41,23,49,50,22,56,57,40,58,12,12,12,12,41,62,61,59,60,60,61,58,33,16,16,16,16,41,49,23,60,59,62,63,43,26,26,26,26,26,41,56,49,59,61,64,65,66,39,27,27,27,27,41,67,71,64,65,67,68,69,70,28,28,28,28,41,65,64,63,66,68,71,72,73,29,29,29,29,41,64,71,69,63,68,73,74,67,30,30,30,30,41,66,63,69,68,70,69,68,67,31,31,31,31,41,67,73,72,71,69,68,71,75,32,32,32,32,41,73,74,70,72,68,73,72,71,33,33,33,33,41,72,70,69,71,68,67,74,73,34,34,34,34,41,74,68,69,70,68,69,75,71,35,35,35,35,41,79,83,76,77,67,68,69,70,36,36,36,36,41,77,76,75,78,68,71,72,73,37,37,37,37,41,76,83,81,75,68,73,74,67,38,38,38,38,41,78,75,81,80,70,69,68,67,39,39,39,39,41,79,85,84,83,69,68,71,75,40,40,40,40,41,85,86,82,84,68,73,72,71,41,41,41,41,41,84,82,81,83,68,67,74,73,42,42,42,42,41,86,80,81,82,68,69,75,71,43,43,43,43],
    "uvs":[[0.121094,0.916016,0.123047,0.916016,0.123047,0.923828,0.121094,0.923828,0.130859,0.875,0.154297,0.875,0.154297,0.890625,0.130859,0.890625,0.0625,0.916016,0.125,0.916016,0.125,0.908203,0.0625,0.908203,0.0625,0.923828,0.125,0.923828,0.125,0.900391,0.0625,0.900391,0.0625,0.875,0.0625,0.9375,-0,0.9375,-0,0.875,0.0625,0.820312,0.125,0.820312,0.125,0.849609,0.0625,0.849609,0.09375,0.757812,0.09375,0.789062,0.15625,0.789062,0.15625,0.757812,0.09375,0.820312,0.154297,0.820312,0.154297,0.789062,0.15625,0.783203,0.21875,0.783203,0.21875,0.785156,0.15625,0.785156,0.1875,0.789062,0.1875,0.820312,0.15625,0.820312,0.0625,0.789062,0.21875,0.820312,0.21875,0.789062,0.183594,0.787109,0.183594,0.785156,0.15625,0.787109,0.1875,0.78125,0.21875,0.78125,0.1875,0.783203,0.15625,0.780273,0.21875,0.780273,0.21875,0.757812,0.15625,0.78125,0.1875,0.787109,0.1875,0.785156,0.216797,0.785156,0.216797,0.787109,0.0625,0.757812,0.158203,0.787109,0.158203,0.789062,0.21875,0.787109,0.216797,0.789062,0.191406,0.785156,0.191406,0.787109,0.171875,0.789062,0.171875,0.787109,0.21875,0.814453,0.228516,0.814453,0.228516,0.820312,0.171875,0.90625,0.171875,0.921875,0.1875,0.921875,0.1875,0.90625,0.171875,0.9375,0.15625,0.9375,0.15625,0.921875,0.15625,0.90625,0.1875,0.9375]],
    "vertices":[2.47443,0.471323,1.31883,2.47443,0.649287,1.31883,2.52815,0.471323,1.36305,2.52815,0.649287,1.36305,2.66762,0.471323,1.08412,2.66762,0.649287,1.08412,2.72134,0.471323,1.12834,2.72134,0.649287,1.12834,2.56036,0.477819,1.22524,2.60348,0.477819,1.26073,2.60348,5.51084e-08,1.26073,2.56036,5.35569e-08,1.22524,2.58698,0.477819,1.1929,2.6301,0.477819,1.22839,2.6301,5.36947e-08,1.22839,2.58698,5.21432e-08,1.1929,1,1.31134e-07,3,3,1.31134e-07,3,1,4.37114e-08,1,3,4.37114e-08,1,2.00129,0.449798,1.44604,2.87551,0.449798,1.44604,2.87551,6.32084e-08,1.44604,2.00129,6.32084e-08,1.44604,2.87551,1.14486e-07,2.61914,2.87551,7.95173e-08,1.81914,1.12708,7.95173e-08,1.81914,1.12708,1.14486e-07,2.61914,2.00129,0.449798,2.61914,1.12708,0.449798,2.61914,2.00129,0.449798,1.81914,1.12708,0.449798,1.81914,2.00129,1.14486e-07,2.61914,2.87551,0.449798,2.61914,2.00129,7.95173e-08,1.81914,2.87551,0.449798,1.81914,1.12708,0.499798,2.61914,1.12708,0.499798,1.81914,2.00129,0.499798,1.81914,2.00129,0.499798,2.61914,2.87551,0.499798,2.61914,2.87551,0.499798,1.81914,1.12708,9.70019e-08,2.21914,2.87551,9.70019e-08,2.21914,1.12708,0.449798,2.21914,2.87551,0.449798,2.21914,1.12708,0.59566,2.21914,2.00129,0.59566,2.21914,2.87551,0.59566,2.21914,2.00129,0.0449798,1.44604,2.87551,0.0449798,1.44604,2.87551,0.0449799,2.61914,2.87551,0.0449799,1.81914,1.12708,0.0449799,1.81914,2.00129,0.0449799,2.61914,1.12708,0.0449799,2.61914,2.00129,0.0449799,1.81914,2.87551,0.0449799,2.21914,1.12708,0.0449799,2.21914,1.80276,0.0449798,1.44604,1.80276,6.32084e-08,1.44604,1.80276,0.0449799,1.81914,1.80276,7.95173e-08,1.81914,1.3647,0.1382,2.98793,1.4717,0.179785,2.86386,1.4717,1.25183e-07,2.86386,1.3647,1.30607e-07,2.98793,1.3543,1.20757e-07,2.7626,1.24729,1.2618e-07,2.88667,1.24729,0.1382,2.88667,1.12988,0.1382,2.78541,1.3543,0.179785,2.7626,1.23689,0.179785,2.66134,1.23689,1.16331e-07,2.66134,1.12988,1.21754e-07,2.78541,1.97981,0.1382,2.85672,1.92939,0.179785,2.70083,1.92939,1.18057e-07,2.70083,1.97981,1.24871e-07,2.85672,1.78187,1.20142e-07,2.74854,1.83229,1.26957e-07,2.90443,1.83229,0.1382,2.90443,1.68478,0.1382,2.95214,1.78187,0.179785,2.74854,1.63435,0.179785,2.79625,1.63435,1.22228e-07,2.79625,1.68478,1.29042e-07,2.95214],
    "metadata":{
        "generator":"io_three",
        "uvs":1,
        "vertices":87,
        "normals":44,
        "version":3,
        "faces":62,
        "type":"Geometry"
    }
}