{
    "normals":[0,1,-4.37114e-08,-0.9344,0.354736,-0.0325526,-0.00915773,0.359857,-0.932963,0.932047,0.360162,-0.0396403,0.0228155,0.36549,0.930535,0.977923,-0.205557,-0.0375887,-0.998824,0.0326827,-0.0358196,-0.932544,0.356945,-0.0543291,0.278588,0.956664,-0.0847476,0.0806416,0.758864,0.646237,0.143629,-0.897387,0.417213,-0.095571,0.959652,-0.264451,0.0499857,0.277452,0.959438,-0.431043,-0.89806,0.0876931,-0.704119,0.674175,-0.222945,-0.725814,-0.651983,0.219345,-0.054242,0.987803,-0.145957,-0.101464,0.553241,-0.826819,0.0647409,-0.997172,0.0381777,-0.0340584,0.693605,0.71955,-0.965563,-0.177918,0.189826,-0.00368557,0.256878,0.966437,-0.182288,-0.502621,-0.84507,0.996687,-0.036229,-0.0728164,0.651693,0.729053,-0.20923,-0.909423,0.413213,0.0469541,0.277499,-0.933099,0.228737,0.19018,0.754832,-0.627742,0.0482688,-0.993716,-0.100988,-0.310125,-0.378099,-0.872275,-0.99816,0.0233951,-0.0559381,-0.268517,-0.387962,-0.881694,0.0839287,0.272753,0.958416,0.978792,-0.202829,-0.02874],
    "faces":[41,0,1,3,2,0,1,2,3,0,0,0,0,41,26,7,8,27,4,5,6,7,1,1,1,1,41,27,8,9,28,8,9,10,11,2,2,2,2,41,28,9,10,29,7,12,13,4,3,3,3,3,41,29,10,7,26,7,14,15,4,4,4,4,4,41,31,32,12,13,16,17,18,19,5,5,5,5,41,30,4,35,36,20,21,22,23,6,6,6,6,41,4,30,8,7,24,25,26,27,7,7,7,7,41,6,5,10,9,28,29,30,31,8,8,8,8,41,5,4,7,10,29,32,33,30,9,9,9,9,41,11,13,21,18,34,35,36,37,10,10,10,10,40,8,6,9,38,39,40,11,11,11,41,35,31,13,11,41,42,43,44,12,12,12,12,40,19,34,33,45,45,46,13,13,13,40,33,11,18,46,47,48,14,14,14,40,33,18,19,46,48,45,15,15,15,41,16,15,14,17,49,50,51,52,16,16,16,16,41,15,16,24,23,50,49,53,54,17,17,17,17,41,12,34,19,20,55,56,56,57,18,18,18,18,41,17,14,22,25,58,59,60,61,19,19,19,19,41,19,18,22,23,62,63,64,65,20,20,20,20,41,18,21,25,22,66,67,68,69,21,21,21,21,41,20,19,23,24,70,71,72,73,22,22,22,22,41,21,20,24,25,74,75,76,77,23,23,23,23,41,16,17,25,24,49,52,78,53,24,24,24,24,41,14,15,23,22,79,80,81,82,25,25,25,25,41,13,12,20,21,83,84,85,86,26,26,26,26,40,30,6,8,87,88,89,27,27,27,40,12,33,34,90,91,92,28,28,28,41,32,6,30,36,93,94,95,96,29,29,29,29,41,36,35,11,33,97,41,44,98,30,30,30,30,41,12,32,36,33,18,17,99,100,31,31,31,31,41,4,5,31,35,101,102,103,104,32,32,32,32,41,5,6,32,31,105,106,107,108,33,33,33,33],
    "uvs":[[0.0625,0.8125,0.0625,0.875,-0,0.875,-0,0.8125,0.130859,0.693359,0.138672,0.714844,0.173828,0.710938,0.181641,0.693359,0.195312,0.705078,0.203125,0.722656,0.236328,0.726562,0.246094,0.705078,0.173828,0.714844,0.140625,0.714844,0.175781,0.714844,0.136719,0.714844,0.263672,0.732422,0.304688,0.732422,0.308594,0.742188,0.263672,0.738281,0.158203,0.697266,0.148438,0.693359,0.146484,0.740234,0.164062,0.740234,0.0820312,0.744141,0.0976562,0.75,0.123047,0.734375,0.0703125,0.738281,0.103516,0.714844,0.103516,0.697266,0.123047,0.6875,0.117188,0.734375,0.0820312,0.693359,0.0703125,0.6875,0.193359,0.707031,0.238281,0.703125,0.25,0.693359,0.193359,0.697266,0.136719,0.722656,0.164062,0.703125,0.177734,0.722656,0.134766,0.710938,0.179688,0.722656,0.179688,0.728516,0.134766,0.71875,0.242188,0.738281,0.234375,0.734375,0.201172,0.730469,0.191406,0.734375,0.111328,0.734375,0.0742188,0.734375,0.0722656,0.699219,0.109375,0.699219,0.119141,0.746094,0.0664062,0.744141,0.300781,0.708984,0.255859,0.708984,0.308594,0.720703,0.107422,0.705078,0.0703125,0.699219,0.0703125,0.693359,0.117188,0.699219,0.169922,0.720703,0.138672,0.71875,0.138672,0.728516,0.173828,0.730469,0.142578,0.71875,0.177734,0.724609,0.175781,0.734375,0.142578,0.728516,0.242188,0.701172,0.208984,0.693359,0.203125,0.705078,0.242188,0.710938,0.201172,0.726562,0.242188,0.730469,0.240234,0.738281,0.199219,0.736328,0.119141,0.693359,0.0683594,0.699219,0.105469,0.707031,0.113281,0.695312,0.0664062,0.693359,0.263672,0.699219,0.300781,0.699219,0.310547,0.693359,0.255859,0.691406,0.152344,0.707031,0.173828,0.712891,0.146484,0.732422,0.308594,0.710938,0.265625,0.705078,0.263672,0.710938,0.224609,0.746094,0.21875,0.693359,0.205078,0.697266,0.205078,0.742188,0.167969,0.712891,0.167969,0.722656,0.265625,0.722656,0.265625,0.732422,0.146484,0.693359,0.160156,0.693359,0.167969,0.746094,0.144531,0.740234,0.150391,0.693359,0.162109,0.693359,0.169922,0.744141,0.146484,0.746094]],
    "vertices":[-9,1.31134e-07,3,-7,1.31134e-07,3,-9,4.37114e-08,1,-7,4.37114e-08,1,-8.44358,0.907576,2.297,-7.93123,0.853383,2.23999,-7.96537,0.716674,1.79808,-8.58851,0.645081,2.56661,-8.52567,0.563262,1.44386,-7.52781,0.666677,1.45852,-7.3958,0.61397,2.51103,-8.37745,2.74283,1.73952,-7.60286,2.63436,0.874981,-7.52546,2.85647,1.66366,-8.34963,3.25117,1.68537,-8.37745,3.15873,0.854648,-7.54802,3.16751,0.821245,-7.52842,3.32,1.63057,-8.34408,2.81951,1.86599,-8.40533,2.58585,0.968781,-7.41043,2.6375,0.630887,-7.31008,2.95533,1.82912,-8.34512,3.12473,1.78014,-8.57299,2.86638,0.745533,-7.40439,2.9031,0.564185,-7.30648,3.22187,1.763,-8.78627,1.21792e-07,2.78627,-8.78627,5.30537e-08,1.21373,-7.21373,5.30537e-08,1.21373,-7.21373,1.21792e-07,2.78627,-8.44147,0.929193,1.90939,-7.54883,2.7411,1.69685,-7.63102,2.48537,0.9467,-8.34605,2.57275,1.12601,-8.40532,2.58585,0.968792,-8.38163,2.61431,1.77829,-8.35346,2.44506,1.18687],
    "metadata":{
        "generator":"io_three",
        "uvs":1,
        "vertices":37,
        "normals":34,
        "version":3,
        "faces":34,
        "type":"Geometry"
    }
}