{
    "normals":[0,1,-4.37114e-08,-0.33155,0.94115,0.065662,0.0999072,0.91804,0.383694,-0.104549,0.949733,0.295088,-0.710003,0.583862,-0.393703,-0.113491,0.960766,0.253077,0.295663,0.717691,-0.630478,-0.698534,0.155675,-0.698438,0.494661,-0.380605,0.781313,0.559603,0.489818,0.668523,-0.244563,-0.638364,0.72985,0.00410693,0.517324,-0.855779,0.338163,0.689472,-0.640527,-0.808796,-0.133345,-0.572772,0.863838,-0.166627,0.475414,0.0875155,-0.409834,0.907952,-0.828182,-0.55953,0.0322484,0.833533,0.528534,0.160857,-0.327496,-0.733878,0.595122,0.540448,0.630862,-0.556712,-0.590677,-0.660454,0.463574],
    "faces":[41,0,1,3,2,0,1,2,3,0,0,0,0,41,8,5,4,13,4,5,6,7,1,1,1,1,41,7,10,11,6,8,9,10,11,2,2,2,2,41,10,9,12,11,9,12,13,10,3,3,3,3,41,12,9,16,17,14,15,16,17,4,4,4,4,41,16,15,18,17,18,19,20,21,5,5,5,5,41,14,15,16,25,22,23,24,25,6,6,6,6,41,9,24,25,16,26,27,28,29,7,7,7,7,41,13,19,20,18,30,31,32,33,8,8,8,8,41,8,13,18,15,34,35,36,37,9,9,9,9,41,29,27,11,12,38,39,40,41,10,10,10,10,41,21,23,5,8,42,43,44,45,11,11,11,11,41,26,24,9,10,46,47,48,49,12,12,12,12,41,23,31,4,5,50,51,52,53,13,13,13,13,41,22,28,7,6,54,55,56,57,14,14,14,14,41,27,22,6,11,39,58,59,40,15,15,15,15,41,30,29,12,17,60,61,14,17,16,16,16,16,41,14,21,8,15,62,63,64,65,17,17,17,17,41,20,30,17,18,66,67,68,69,18,18,18,18,41,28,26,10,7,70,71,72,73,19,19,19,19,41,31,19,13,4,74,75,76,77,20,20,20,20],
    "uvs":[[0.0625,0.8125,0.0625,0.875,-0,0.875,-0,0.8125,0.0820312,0.738281,0.0664062,0.738281,0.0703125,0.697266,0.078125,0.691406,0.119141,0.742188,0.107422,0.740234,0.105469,0.691406,0.121094,0.703125,0.09375,0.738281,0.0917969,0.691406,0.253906,0.705078,0.306641,0.742188,0.302734,0.728516,0.263672,0.703125,0.242188,0.740234,0.224609,0.75,0.191406,0.699219,0.210938,0.689453,0.226562,0.693359,0.210938,0.738281,0.228516,0.738281,0.240234,0.693359,0.292969,0.742188,0.3125,0.693359,0.304688,0.693359,0.289062,0.728516,0.263672,0.705078,0.269531,0.693359,0.277344,0.693359,0.271484,0.703125,0.300781,0.742188,0.25,0.705078,0.257812,0.701172,0.296875,0.728516,0.142578,0.697266,0.15625,0.697266,0.152344,0.708984,0.140625,0.708984,0.164062,0.689453,0.138672,0.689453,0.126953,0.726562,0.146484,0.746094,0.1875,0.689453,0.175781,0.689453,0.164062,0.746094,0.177734,0.744141,0.177734,0.697266,0.132812,0.697266,0.126953,0.707031,0.169922,0.726562,0.134766,0.697266,0.181641,0.697266,0.167969,0.728516,0.128906,0.708984,0.175781,0.697266,0.173828,0.712891,0.267578,0.693359,0.261719,0.693359,0.283203,0.693359,0.291016,0.693359,0.271484,0.742188,0.267578,0.728516,0.195312,0.724609,0.212891,0.724609,0.210938,0.736328,0.191406,0.736328,0.169922,0.689453,0.185547,0.689453,0.169922,0.738281,0.160156,0.736328,0.152344,0.697266,0.140625,0.697266,0.136719,0.708984,0.146484,0.708984]],
    "vertices":[-5,1.31134e-07,3,-3,1.31134e-07,3,-5,4.37114e-08,1,-3,4.37114e-08,1,-4.96959,0.105666,2.28949,-4.44751,0.312966,1.43775,-3.65069,0.135391,2.72,-3.14439,0.333689,1.97509,-4.04912,0.479205,1.58323,-3.77703,0.476468,1.72261,-3.45418,0.457077,1.89916,-4.1445,0.11143,2.76728,-4.53965,0.101817,2.65797,-4.8259,0.10467,2.5127,-3.69938,-0.0224307,1.41919,-4.02623,0.334997,1.67457,-3.84813,0.333905,1.75507,-4.52228,0.0689261,2.46221,-4.65471,0.07172,2.38871,-4.74058,-0.024112,2.39639,-4.59815,-0.0240467,2.30581,-3.71444,-0.0237719,1.2377,-3.58613,-0.0237086,2.65246,-4.23204,-0.0239435,1.27819,-3.51982,-0.0236866,1.34701,-3.62221,-0.0230892,1.45642,-3.26156,-0.0236012,1.45647,-4.10912,-0.0238819,2.6923,-3.11243,-0.0235515,1.68628,-4.45631,-0.0239969,2.54434,-4.46568,-0.0239948,2.3747,-4.92961,-0.0241747,2.19699],
    "metadata":{
        "generator":"io_three",
        "uvs":1,
        "vertices":32,
        "normals":21,
        "version":3,
        "faces":21,
        "type":"Geometry"
    }
}