{
    "normals":[0,1,-4.37114e-08,0.35442,0.171499,-0.919225,0.0756241,-0.596652,0.798929,-0.330101,-0.323546,0.886765,-0.849759,0.116743,-0.514082,-0.45949,0.85491,0.240827,-0.382469,0.787621,-0.483084,0.188073,0.247515,-0.950455,0.22302,0.974608,-0.0200453,0.941304,-0.0651824,0.331206,-0.986943,-0.00160841,-0.161064,0.939053,-0.0687295,0.33683,0.739397,-0.66706,0.091234,-0.496148,-0.868186,0.00953698,0.731201,-0.672416,0.114899,0.203319,-0.704949,-0.679491,-0.537381,-0.837371,-0.100156,-0.168453,-0.878686,0.446693,0.585133,-0.644196,-0.492577,0.384338,-0.00852901,0.923153,0.176577,-0.289345,0.940797,0.0410029,0.852741,0.520722,0.307398,0.335891,-0.890328,-0.345955,-0.130633,0.929112,-0.929668,0.114875,-0.35003,0.317558,0.35548,-0.879085,0.920069,0.120783,0.372672,-0.942624,0.0985152,-0.31899,0.919993,0.120666,0.372899,0.544315,-0.29378,-0.785758,-0.251213,-0.696217,0.672439,-0.817997,-0.559276,-0.134506,0.305345,-0.298207,-0.904343,0.87206,-0.437364,0.2196,-0.799278,-0.584156,-0.141125,0.875788,-0.434641,0.209958,0.0330086,-0.798076,0.601652],
    "faces":[41,0,1,3,2,0,1,2,3,0,0,0,0,41,20,10,7,22,4,5,6,7,1,1,1,1,41,40,30,36,39,8,9,10,11,2,2,2,2,41,21,8,9,23,12,13,14,15,3,3,3,3,41,24,16,5,19,16,17,18,19,4,4,4,4,41,8,14,16,9,20,21,22,23,5,5,5,5,41,14,10,5,16,21,24,25,22,6,6,6,6,41,19,5,10,20,19,26,5,4,7,7,7,7,41,15,7,10,14,27,28,24,21,8,8,8,8,41,25,15,26,29,29,30,31,32,9,9,9,9,41,23,9,16,24,33,34,35,36,10,10,10,10,41,22,7,15,25,37,38,30,29,11,11,11,11,41,38,22,25,44,39,40,41,42,12,12,12,12,41,42,23,24,43,43,44,45,46,13,13,13,13,41,44,25,29,39,42,41,47,48,14,14,14,14,41,37,19,20,41,49,50,51,52,15,15,15,15,41,43,24,19,37,46,45,53,54,16,16,16,16,41,40,21,23,42,55,56,57,58,17,17,17,17,41,41,20,22,38,59,60,61,62,18,18,18,18,41,30,6,27,36,63,64,65,66,19,19,19,19,41,8,21,29,26,13,12,67,34,20,20,20,20,41,8,26,15,14,20,68,27,21,21,21,21,21,41,4,28,31,12,69,70,66,65,22,22,22,22,41,6,30,32,13,64,63,71,72,23,23,23,23,41,17,33,35,11,73,74,75,76,24,24,24,24,41,11,35,28,4,72,77,70,69,25,25,25,25,41,18,34,36,27,73,74,78,79,26,26,26,26,41,13,32,33,17,80,81,74,73,27,27,27,27,41,12,31,34,18,76,82,74,73,28,28,28,28,41,28,41,38,31,83,84,85,86,29,29,29,29,41,30,40,42,32,9,8,87,88,30,30,30,30,41,33,43,37,35,89,90,91,92,31,31,31,31,41,35,37,41,28,92,91,84,83,32,32,32,32,41,34,44,39,36,93,94,95,96,33,33,33,33,41,32,42,43,33,97,98,90,89,34,34,34,34,41,31,38,44,34,99,100,94,93,35,35,35,35,41,21,40,39,29,101,102,103,104,36,36,36,36],
    "uvs":[[0.0625,0.8125,0.0625,0.875,-0,0.875,-0,0.8125,0.154297,0.708984,0.154297,0.746094,0.179688,0.744141,0.175781,0.71875,0.287109,0.744141,0.287109,0.740234,0.300781,0.730469,0.304688,0.734375,0.15625,0.703125,0.15625,0.720703,0.140625,0.720703,0.136719,0.703125,0.148438,0.714844,0.148438,0.742188,0.134766,0.732422,0.132812,0.712891,0.119141,0.716797,0.0878906,0.716797,0.0878906,0.691406,0.119141,0.701172,0.0683594,0.716797,0.0722656,0.697266,0.136719,0.732422,0.0878906,0.744141,0.0683594,0.744141,0.150391,0.697266,0.150391,0.722656,0.166016,0.720703,0.164062,0.697266,0.177734,0.703125,0.181641,0.720703,0.150391,0.71875,0.150391,0.691406,0.134766,0.697266,0.130859,0.720703,0.207031,0.712891,0.189453,0.736328,0.222656,0.734375,0.224609,0.712891,0.244141,0.726562,0.248047,0.703125,0.220703,0.701172,0.222656,0.722656,0.25,0.734375,0.240234,0.712891,0.208984,0.71875,0.193359,0.697266,0.191406,0.740234,0.208984,0.742188,0.189453,0.701172,0.205078,0.722656,0.238281,0.722656,0.232422,0.744141,0.197266,0.744141,0.212891,0.722656,0.207031,0.705078,0.189453,0.703125,0.189453,0.748047,0.207031,0.728516,0.166016,0.746094,0.173828,0.689453,0.185547,0.689453,0.179688,0.736328,0.177734,0.697266,0.105469,0.744141,0.160156,0.689453,0.160156,0.726562,0.140625,0.746094,0.134766,0.689453,0.148438,0.689453,0.148438,0.736328,0.134766,0.728516,0.128906,0.689453,0.138672,0.728516,0.164062,0.736328,0.167969,0.689453,0.179688,0.689453,0.173828,0.746094,0.134766,0.736328,0.259766,0.71875,0.255859,0.71875,0.255859,0.742188,0.259766,0.738281,0.261719,0.744141,0.263672,0.740234,0.273438,0.699219,0.273438,0.695312,0.255859,0.695312,0.259766,0.699219,0.271484,0.730469,0.271484,0.734375,0.287109,0.734375,0.285156,0.730469,0.296875,0.701172,0.302734,0.699219,0.257812,0.730469,0.253906,0.734375,0.203125,0.724609,0.208984,0.703125,0.228516,0.693359,0.246094,0.714844]],
    "vertices":[-7,1.31134e-07,3,-5,1.31134e-07,3,-7,4.37114e-08,1,-5,4.37114e-08,1,-5.91653,-0.0448364,1.46205,-6.5121,1.38298,1.45378,-5.98755,-0.220569,2.2226,-5.33477,1.7499,1.82313,-6.46751,1.43256,2.85776,-6.88983,1.4251,2.69873,-5.99589,1.80346,1.59082,-6.2716,-0.0473557,1.32924,-5.56105,-0.0473557,1.59374,-6.52911,-0.220569,2.021,-6.19944,1.95423,2.13761,-5.52284,1.71038,2.32841,-6.80775,1.54447,1.81133,-6.36972,-0.113355,1.59282,-5.65917,-0.113355,1.85733,-6.55206,0.804856,1.22071,-5.93019,0.789543,1.41438,-6.40924,0.947022,2.70319,-5.34579,1.0977,1.7098,-6.92117,0.948488,2.51227,-6.72125,0.820376,1.67173,-5.51243,0.972642,2.15983,-5.68092,1.55351,2.75302,-5.75716,-0.179272,2.12058,-5.99609,0.497606,1.64914,-5.65323,0.885133,2.53657,-6.14001,0.644997,2.28758,-5.72739,0.634476,1.78363,-6.48239,0.6453,2.16008,-6.36465,0.580109,1.78229,-5.80432,0.580109,1.99087,-6.27841,0.499536,1.55145,-5.87603,0.533323,2.18314,-6.32243,0.583715,1.51056,-5.67357,0.742231,1.7811,-5.84592,0.624443,2.24439,-6.18337,0.728684,2.35812,-5.98941,0.579786,1.62257,-6.55107,0.72916,2.22115,-6.42105,0.654574,1.77427,-5.76389,0.67731,2.02459],
    "metadata":{
        "generator":"io_three",
        "uvs":1,
        "vertices":45,
        "normals":37,
        "version":3,
        "faces":37,
        "type":"Geometry"
    }
}