{
    "normals":[-0,0,1,0,2.5255e-07,1,-1,-0,0,0,-1,5.64763e-08,1,0,0,0,-0,-1,0,1,0,5.32907e-15,1,-4.37114e-08],
    "faces":[41,4,3,2,5,0,1,2,3,0,0,0,0,41,8,9,7,6,4,5,6,7,1,1,1,1,41,16,6,7,17,8,9,10,11,2,2,2,2,41,6,16,18,8,3,2,1,0,3,3,3,3,41,8,18,19,9,8,9,10,11,4,4,4,4,41,14,15,12,13,0,3,2,1,5,5,5,5,41,18,16,17,19,4,7,6,5,5,5,5,5,41,4,14,13,3,12,3,2,13,4,4,4,4,41,15,5,2,12,3,12,13,2,2,2,2,2,41,22,21,20,23,0,1,2,3,0,0,0,0,41,26,27,24,25,0,3,2,1,5,5,5,5,41,22,26,25,21,12,3,2,13,4,4,4,4,41,27,23,20,24,3,12,13,2,2,2,2,2,41,19,17,7,9,1,10,11,0,6,6,6,6,41,10,0,1,11,16,17,14,15,7,7,7,7],
    "uvs":[[0.0625,0.908203,0.125,0.908203,0.125,0.916016,0.0625,0.916016,0.121094,0.916016,0.123047,0.916016,0.123047,0.923828,0.121094,0.923828,0.0625,0.875,0.125,0.875,0.125,0.900391,0.0625,0.900391,0.0625,0.923828,0.125,0.923828,0.0625,0.8125,-0,0.8125,-0,0.75,0.0625,0.75]],
    "vertices":[-3,-4.37114e-08,-1,-1,-4.37114e-08,-1,-2.02793,0.303333,-1.47906,-1.97207,0.303333,-1.47906,-1.97207,-6.46516e-08,-1.47906,-2.02793,-6.46516e-08,-1.47906,-2.03479,0.29993,-1.4723,-2.03479,0.771953,-1.4723,-1.96521,0.29993,-1.4723,-1.96521,0.771953,-1.4723,-3,-1.31134e-07,-3,-1,-1.31134e-07,-3,-2.02793,0.303333,-1.52094,-1.97207,0.303333,-1.52094,-1.97207,-6.64826e-08,-1.52094,-2.02793,-6.64826e-08,-1.52094,-2.03479,0.29993,-2.5277,-2.03479,0.771953,-2.5277,-1.96521,0.29993,-2.5277,-1.96521,0.771953,-2.5277,-2.02793,0.303333,-2.47906,-1.97207,0.303333,-2.47906,-1.97207,-1.08363e-07,-2.47906,-2.02793,-1.08363e-07,-2.47906,-2.02793,0.303333,-2.52094,-1.97207,0.303333,-2.52094,-1.97207,-1.10194e-07,-2.52094,-2.02793,-1.10194e-07,-2.52094],
    "metadata":{
        "generator":"io_three",
        "uvs":1,
        "vertices":28,
        "normals":8,
        "version":3,
        "faces":15,
        "type":"Geometry"
    }
}