{
    "normals":[0.907102,0.0826466,0.412717,0.907102,0.0826432,0.412717,0.907102,0.0826433,0.412717,0.907102,0.0826433,0.412717,-0.907776,-0.0749401,-0.412706,0.4103,0.0451464,-0.910832,0.906374,0.0903423,0.412704,-0.411704,-0.0297443,0.910832,-0.0907285,0.995876,-2.33741e-06,-0.185027,0,0.982733,-0.982733,0,-0.185029,0.0455185,0.969267,-0.241762,0.185027,0,-0.982733,-0.185033,0,0.982732,0.982733,0,0.185029,0.0455195,0.969267,-0.241761,0.18503,0,-0.982733,0.0753881,0,0.997154,-0.997154,0,0.0753862,-0.0185462,0.969267,-0.24531,-0.0753881,0,-0.997154,0.997154,0,-0.0753862,-9.04296e-07,0,-1,1,0,-6.41262e-07,-6.04052e-14,1,-8.01577e-08,1,0,-4.89947e-07,7.5358e-07,2.64796e-07,1,1,0,-6.41262e-07,7.5358e-07,0,1,-4.15366e-14,1,-6.12434e-08,2.07683e-14,-1,3.06217e-08,-6.29296e-07,0,-1,1,0,0,-3.17974e-14,1,-5.05286e-08,6.29296e-07,0,1,-0,0,-1,1,0,-6.81333e-06,-1,0,0,-0,0,1,-2.14368e-06,0,-1,1,0,-4.72686e-06,0,1,0,2.14367e-06,0,1,1,0,0,2.14367e-06,0,1,1,0,-4.72686e-06,-2.14368e-06,0,-1,1,0,-0,-2.14368e-06,0,-1,2.14367e-06,0,1,-6.02864e-07,0,-1,-1,0,6.41262e-07,-6.04053e-14,1,-8.01577e-08,-1,0,7.3492e-07,7.5358e-07,2.64796e-07,1,-1,0,6.41262e-07,-6.02864e-07,0,-1,6.02864e-07,0,1,-4.61518e-14,1,-6.12434e-08,2.30759e-14,-1,3.06217e-08,-6.29296e-07,0,-1,-1,0,6.46766e-07,-3.17974e-14,1,-5.05286e-08,-4.56542e-06,0,-1,-1,-0,0,4.56542e-06,0,1,0,-0,-1,-1,-0,0,0,0,1,-1,0,2.36343e-06,-0.174135,0.984722,0,-1,0,2.36343e-06,-1,0,2.36343e-06,0,0,1,0,-0,-1,-0,-0,1,-0.640922,-0.767606,0,-0.466048,-0.884759,0,-0,-0,1,-0.483159,0.875533,0,0,1,0,0,-0,1,0,-1,0,-1,0,0,-0,-0,-1,0.471056,0.882104,-1.09668e-06,1,-0,0,0.483159,-0.875533,2.19579e-06,1.77636e-15,1,-4.37114e-08],
    "faces":[41,0,1,3,2,0,1,2,3,0,0,0,0,41,4,5,7,6,2,3,0,1,1,1,1,1,41,8,9,11,10,2,3,0,1,2,2,2,2,41,12,14,13,15,0,1,2,3,3,3,3,3,41,16,17,19,18,4,5,0,3,4,4,4,4,41,18,19,23,22,3,0,1,2,5,5,5,5,41,22,23,21,20,4,5,0,3,6,6,6,6,41,20,21,17,16,3,0,1,2,7,7,7,7,41,23,19,17,21,6,7,8,5,8,8,8,8,41,28,32,25,26,9,10,11,12,9,9,9,9,41,26,25,24,27,10,13,14,15,10,10,10,10,41,25,32,30,24,10,15,16,9,11,11,11,11,41,27,24,30,29,12,11,10,9,12,12,12,12,41,28,34,33,32,11,10,13,17,13,13,13,13,41,34,35,31,33,10,15,14,13,14,14,14,14,41,33,31,30,32,10,9,16,15,15,15,15,15,41,35,29,30,31,10,11,17,13,16,16,16,16,41,40,44,37,38,9,10,11,12,17,17,17,17,41,38,37,36,39,10,13,14,15,18,18,18,18,41,37,44,42,36,10,15,16,9,19,19,19,19,41,39,36,42,41,12,11,10,9,20,20,20,20,41,40,46,45,44,11,10,13,17,17,17,17,17,41,46,47,43,45,10,15,14,13,21,21,21,21,41,45,43,42,44,10,9,16,15,19,19,19,19,41,47,41,42,43,10,11,17,13,20,20,20,20,41,107,102,53,50,18,19,20,21,22,22,22,22,41,50,53,52,48,22,23,24,25,23,23,23,23,41,53,102,103,52,26,27,28,29,24,24,24,24,41,48,52,56,57,18,19,24,25,25,25,25,25,41,55,48,106,104,26,30,31,32,26,26,26,26,41,54,50,48,55,19,12,16,33,27,27,27,27,41,105,107,50,54,34,35,36,20,22,22,22,22,41,57,56,108,109,21,20,19,18,28,28,28,28,41,52,103,108,56,29,28,37,20,29,29,29,29,41,106,48,57,109,36,30,38,39,30,30,30,30,41,112,116,59,60,40,41,42,43,31,31,31,31,41,60,59,58,61,44,45,46,47,32,32,32,32,41,59,116,114,58,48,49,50,51,33,33,33,33,41,61,58,114,113,43,42,41,40,34,34,34,34,41,62,66,67,68,52,53,54,55,35,35,35,35,41,68,67,65,69,56,57,54,55,36,36,36,36,41,64,66,62,63,54,57,56,55,37,37,37,37,41,69,65,64,63,55,54,53,52,38,38,38,38,41,142,132,71,78,58,59,60,61,39,39,39,39,41,84,75,70,80,62,63,64,65,40,40,40,40,41,75,137,130,70,66,67,68,69,41,41,41,41,41,80,70,130,144,61,60,59,58,42,42,42,42,41,71,132,136,74,57,70,71,72,41,41,41,41,41,74,136,137,75,73,74,71,72,41,41,41,41,41,78,71,74,82,62,63,64,65,32,32,32,32,41,82,74,75,84,62,63,64,65,32,32,32,32,41,76,83,85,77,75,76,77,78,43,43,43,43,41,72,79,83,76,75,76,77,78,32,32,32,32,41,86,78,82,90,79,80,81,82,43,43,43,43,41,73,81,145,129,83,84,85,86,44,44,44,44,41,88,80,144,168,87,88,89,90,44,44,44,44,41,77,85,81,73,75,76,77,78,40,40,40,40,41,92,84,80,88,91,92,93,94,45,45,45,45,41,128,143,79,72,86,85,84,83,39,39,39,39,41,166,142,78,86,90,89,88,87,46,46,46,46,41,84,92,90,82,95,96,97,98,47,47,47,47,41,143,167,87,79,99,100,88,87,48,48,48,48,41,167,166,86,87,101,102,103,104,46,46,46,46,41,85,93,89,81,105,106,93,94,40,40,40,40,41,93,92,88,89,107,108,109,110,40,40,40,40,41,81,89,169,145,87,88,100,99,49,49,49,49,41,89,88,168,169,104,103,102,101,44,44,44,44,41,79,87,91,83,111,112,92,91,32,32,32,32,41,87,86,90,91,113,114,115,116,32,32,32,32,41,91,90,92,93,117,118,109,119,32,32,32,32,41,83,91,93,85,120,121,122,123,43,43,43,43,41,107,96,99,102,18,21,20,19,50,50,50,50,41,96,94,98,99,22,25,24,23,51,51,51,51,41,99,98,103,102,26,29,28,27,52,52,52,52,41,94,111,110,98,18,25,24,19,53,53,53,53,41,101,104,106,94,20,32,31,36,54,54,54,54,41,100,101,94,96,19,33,16,12,55,55,55,55,41,105,100,96,107,34,19,12,35,56,56,56,56,41,111,109,108,110,21,18,19,20,57,57,57,57,41,98,110,108,103,29,20,37,28,58,58,58,58,41,106,109,111,94,36,39,38,30,59,59,59,59,41,112,118,117,116,40,43,42,41,60,60,60,60,41,118,119,115,117,44,47,46,45,61,61,61,61,41,117,115,114,116,48,51,50,49,62,62,62,62,41,119,113,114,115,43,40,41,42,34,34,34,34,41,120,126,125,124,52,55,54,53,63,63,63,63,41,126,127,123,125,56,55,54,57,64,64,64,64,41,122,121,120,124,54,55,56,57,47,47,47,47,41,127,121,122,123,55,52,53,54,65,65,65,65,41,142,146,133,132,58,61,60,59,66,66,66,66,41,152,148,131,139,62,65,64,63,67,67,67,67,41,139,131,130,137,66,69,68,67,41,41,41,41,41,148,144,130,131,61,58,59,60,68,68,68,68,41,133,138,136,132,57,72,71,70,41,41,41,41,41,138,139,137,136,73,72,71,74,41,41,41,41,41,146,150,138,133,62,65,64,63,69,69,69,69,41,150,152,139,138,62,65,64,63,67,67,67,67,41,140,141,153,151,75,78,77,76,64,64,64,64,41,159,154,156,158,124,125,126,127,70,70,70,70,41,134,140,151,147,75,78,77,76,71,71,71,71,41,170,174,150,146,79,82,81,80,72,72,72,72,41,135,129,145,149,83,86,85,84,73,73,73,73,41,172,168,144,148,87,90,89,88,73,73,73,73,41,141,135,149,153,75,78,77,76,67,67,67,67,41,176,172,148,152,91,94,93,92,64,64,64,64,41,128,134,147,143,86,83,84,85,66,66,66,66,41,166,170,146,142,90,87,88,89,74,74,74,74,41,178,180,156,154,128,69,129,130,64,64,64,64,41,184,181,157,160,127,126,131,132,75,75,75,75,41,182,178,154,159,69,128,133,72,74,74,74,74,41,160,157,155,161,130,134,135,128,76,76,76,76,41,165,160,161,163,130,134,135,128,77,77,77,77,41,188,182,159,162,127,126,125,124,74,74,74,74,41,186,184,160,165,136,137,138,139,78,78,78,78,41,162,159,158,164,127,126,131,132,79,79,79,79,41,150,162,164,152,140,141,142,143,80,80,80,80,41,177,186,165,153,144,145,146,147,81,81,81,81,41,174,188,162,150,148,149,150,151,74,74,74,74,41,153,165,163,151,152,153,154,155,82,82,82,82,41,151,163,189,175,156,157,158,159,74,74,74,74,41,175,189,188,174,158,159,69,128,66,66,66,66,41,152,164,187,176,151,150,149,148,81,81,81,81,41,176,187,186,177,129,130,157,156,81,81,81,81,41,164,158,185,187,160,161,125,124,81,81,81,81,41,186,187,188,189,162,153,163,164,83,83,83,83,41,163,161,183,189,159,158,131,132,84,84,84,84,41,184,186,189,183,165,166,157,167,85,85,85,85,41,161,155,179,183,132,131,126,127,84,84,84,84,41,183,179,178,182,159,158,128,69,74,74,74,74,41,158,156,180,185,136,137,166,168,81,81,81,81,41,185,180,181,184,73,155,161,160,81,81,81,81,41,155,157,181,179,130,129,69,128,64,64,64,64,41,179,181,180,178,129,69,128,130,64,64,64,64,41,143,147,171,167,99,87,88,100,74,74,74,74,41,167,171,170,166,101,104,103,102,74,74,74,74,41,153,149,173,177,105,94,93,106,67,67,67,67,41,177,173,172,176,107,110,109,108,67,67,67,67,41,149,145,169,173,87,99,100,88,73,73,73,73,41,173,169,168,172,104,101,102,103,73,73,73,73,41,147,151,175,171,111,91,92,112,69,69,69,69,41,171,175,174,170,113,116,115,114,69,69,69,69,41,182,185,184,183,154,155,125,169,86,86,86,86,41,185,182,188,187,165,167,157,166,87,87,87,87,41,51,97,95,49,170,171,172,173,88,88,88,88],